date,london,bristol,liverpool,manchester,newcastle,birmingham,sheffield
1948-01-10,NA,3,40,22,58,78,9
1948-01-17,240,4,51,19,52,84,11
1948-01-24,284,3,54,23,34,65,11
1948-01-31,340,5,54,31,25,106,4
1948-02-07,511,1,89,66,27,142,7
1948-02-14,649,3,73,60,47,143,3
1948-02-21,766,13,169,87,46,191,6
1948-02-28,932,5,212,61,66,208,9
1948-03-06,1303,4,283,79,57,290,7
1948-03-13,1257,15,285,56,82,310,10
1948-03-20,1716,9,279,85,92,425,5
1948-03-27,1425,3,424,63,94,481,10
1948-04-03,1719,6,370,99,93,477,16
1948-04-10,1809,6,459,141,110,491,5
1948-04-17,1360,8,401,154,90,422,16
1948-04-24,1147,10,395,144,82,508,8
1948-05-01,1101,10,411,182,98,457,17
1948-05-08,936,7,425,136,141,488,18
1948-05-15,1041,19,438,243,107,752,13
1948-05-22,994,29,356,209,130,661,46
1948-05-29,1134,31,376,318,138,729,36
1948-06-05,818,36,308,317,155,506,40
1948-06-12,1083,46,255,487,141,600,32
1948-06-19,755,55,186,494,180,432,51
1948-06-26,880,62,160,511,167,466,32
1948-07-03,680,54,101,475,133,336,52
1948-07-10,585,112,83,492,118,331,46
1948-07-17,602,89,90,431,143,285,69
1948-07-24,552,140,37,462,127,267,64
1948-07-31,457,232,56,361,102,220,126
1948-08-07,430,151,40,346,99,109,107
1948-08-14,287,159,42,259,112,89,126
1948-08-21,189,117,46,184,82,70,86
1948-08-28,149,62,37,128,48,51,126
1948-09-04,120,80,20,101,48,34,78
1948-09-11,88,61,26,126,24,30,65
1948-09-18,83,40,34,121,39,31,75
1948-09-25,91,66,36,107,18,31,72
1948-10-02,94,53,34,152,18,33,151
1948-10-09,79,122,29,154,25,20,188
1948-10-16,78,95,39,161,17,33,223
1948-10-23,86,142,35,141,27,21,270
1948-10-30,119,186,18,181,15,38,315
1948-11-06,123,256,34,140,20,19,411
1948-11-13,108,306,46,190,8,30,439
1948-11-20,135,323,57,138,8,32,504
1948-11-27,127,409,53,266,6,28,573
1948-12-04,157,405,62,229,14,32,610
1948-12-11,176,398,90,363,4,29,787
1948-12-18,180,419,59,270,10,32,668
1948-12-25,110,311,43,285,9,47,755
1949-01-01,294,332,64,339,15,52,573
1949-01-08,318,441,87,402,8,55,679
1949-01-15,320,442,62,380,62,76,493
1949-01-22,357,243,64,344,18,65,345
1949-01-29,487,225,42,436,12,121,256
1949-02-05,496,296,40,372,46,171,239
1949-02-12,809,235,73,544,55,282,208
1949-02-19,777,246,110,426,74,312,184
1949-02-26,831,203,118,444,84,398,133
1949-03-05,1081,183,110,335,61,441,167
1949-03-12,1034,156,105,322,73,489,92
1949-03-19,1231,109,97,286,79,405,102
1949-03-26,1274,80,126,249,103,389,78
1949-04-02,1487,112,127,213,136,389,54
1949-04-09,1753,54,137,182,155,481,30
1949-04-16,1635,40,136,116,121,489,63
1949-04-23,1699,36,146,97,191,528,45
1949-04-30,1541,45,113,114,190,482,26
1949-05-07,1170,28,104,86,147,471,46
1949-05-14,1108,38,111,70,153,433,30
1949-05-21,1105,34,110,58,125,449,34
1949-05-28,953,45,126,54,180,470,34
1949-06-04,1083,15,157,74,111,513,30
1949-06-11,801,31,156,59,177,550,26
1949-06-18,908,33,169,81,208,520,62
1949-06-25,613,28,194,54,130,327,56
1949-07-02,714,22,243,107,114,381,48
1949-07-09,523,28,240,47,136,275,60
1949-07-16,490,38,261,91,88,260,40
1949-07-23,379,45,201,44,56,245,39
1949-07-30,303,44,168,52,57,193,30
1949-08-06,273,22,119,52,48,225,17
1949-08-13,223,29,90,46,44,133,18
1949-08-20,158,8,78,16,12,92,24
1949-08-27,120,9,70,23,20,47,14
1949-09-03,92,10,66,14,30,32,9
1949-09-10,66,5,60,19,10,27,1
1949-09-17,42,3,52,6,15,22,11
1949-09-24,50,3,57,13,12,17,2
1949-10-01,40,4,68,8,22,28,7
1949-10-08,28,5,63,8,8,23,8
1949-10-15,44,2,71,7,11,24,8
1949-10-22,40,6,63,6,4,46,12
1949-10-29,63,3,78,5,3,18,8
1949-11-05,33,1,90,5,7,39,9
1949-11-12,48,0,86,4,4,29,8
1949-11-19,23,1,87,3,2,42,10
1949-11-26,28,0,78,6,5,28,4
1949-12-03,31,1,77,5,5,35,17
1949-12-10,26,2,145,17,16,67,21
1949-12-17,34,3,153,20,22,38,24
1949-12-24,32,3,118,11,16,99,25
1949-12-31,47,3,249,10,20,68,20
1950-01-07,43,0,246,15,31,100,32
1950-01-14,54,1,304,7,26,100,20
1950-01-21,36,7,272,8,12,90,22
1950-01-28,24,5,320,6,22,70,11
1950-02-04,42,3,405,5,32,65,24
1950-02-11,38,3,463,4,31,97,20
1950-02-18,71,2,425,10,32,127,35
1950-02-25,45,1,522,13,36,135,53
1950-03-04,75,6,515,17,49,159,43
1950-03-11,60,5,482,17,37,195,60
1950-03-18,54,5,413,30,32,269,63
1950-03-25,98,2,454,30,46,298,105
1950-04-01,118,8,384,63,51,351,68
1950-04-08,91,1,339,48,47,284,82
1950-04-15,171,3,344,75,62,298,103
1950-04-22,174,6,266,58,65,298,104
1950-04-29,203,9,228,64,65,331,87
1950-05-06,141,18,206,42,82,241,51
1950-05-13,262,5,240,54,94,221,70
1950-05-20,366,11,168,48,126,386,97
1950-05-27,463,7,195,82,110,409,100
1950-06-03,478,12,131,73,151,467,138
1950-06-10,613,8,161,107,182,493,120
1950-06-17,529,9,143,147,166,442,95
1950-06-24,645,18,101,124,133,436,92
1950-07-01,626,19,106,147,144,345,89
1950-07-08,649,21,67,157,142,311,68
1950-07-15,647,24,104,232,92,268,98
1950-07-22,601,14,67,236,106,252,107
1950-07-29,580,32,88,243,47,253,116
1950-08-05,664,20,50,247,55,243,125
1950-08-12,474,39,47,200,37,178,133
1950-08-19,362,37,55,188,39,143,115
1950-08-26,316,39,26,126,30,97,72
1950-09-02,199,24,40,141,18,64,79
1950-09-09,162,32,25,96,22,45,45
1950-09-16,146,25,23,107,20,48,52
1950-09-23,201,51,17,161,13,56,39
1950-09-30,217,83,17,168,10,38,75
1950-10-07,289,143,29,269,8,37,45
1950-10-14,303,115,13,304,5,60,151
1950-10-21,366,111,5,367,5,61,105
1950-10-28,471,126,13,387,7,83,123
1950-11-04,512,81,11,387,3,103,141
1950-11-11,544,136,11,449,4,107,202
1950-11-18,766,97,16,398,0,161,207
1950-11-25,827,184,17,543,4,136,210
1950-12-02,1210,154,18,489,4,188,229
1950-12-09,1236,239,13,602,2,207,258
1950-12-16,1534,219,13,659,6,198,342
1950-12-23,1556,225,13,520,3,225,264
1950-12-30,1922,392,10,826,7,312,369
1951-01-06,2753,338,13,767,5,303,456
1951-01-13,2425,311,8,766,4,250,389
1951-01-20,2185,233,32,494,8,197,301
1951-01-27,2210,185,33,500,6,208,269
1951-02-03,2368,180,43,386,13,200,317
1951-02-10,2929,239,44,512,18,240,271
1951-02-17,3178,281,59,442,20,295,293
1951-02-24,3746,392,60,383,33,396,298
1951-03-03,3315,342,95,333,40,562,295
1951-03-10,3501,497,98,268,41,590,236
1951-03-17,3136,397,147,402,104,885,273
1951-03-24,2518,400,151,308,88,820,317
1951-03-31,2360,470,263,333,103,689,339
1951-04-07,2083,370,239,310,76,1031,314
1951-04-14,1610,274,272,250,108,867,237
1951-04-21,1211,231,243,228,101,836,197
1951-04-28,1017,196,316,230,138,917,179
1951-05-05,871,232,300,196,123,771,191
1951-05-12,881,196,405,205,280,821,201
1951-05-19,701,158,523,114,200,742,220
1951-05-26,748,161,546,143,302,794,191
1951-06-02,540,155,472,103,311,603,165
1951-06-09,420,131,530,140,267,547,157
1951-06-16,426,95,450,84,269,517,136
1951-06-23,335,70,448,124,216,296,136
1951-06-30,230,42,410,92,279,312,144
1951-07-07,226,62,310,62,197,238,183
1951-07-14,187,29,319,48,177,141,125
1951-07-21,155,35,249,23,133,169,130
1951-07-28,114,16,284,26,90,96,88
1951-08-04,93,24,258,23,101,98,86
1951-08-11,69,10,176,17,39,56,64
1951-08-18,58,7,150,14,37,54,57
1951-08-25,51,6,135,16,27,44,22
1951-09-01,68,5,111,10,24,33,24
1951-09-08,50,3,109,7,20,29,7
1951-09-15,35,3,77,12,21,20,5
1951-09-22,41,6,105,8,12,16,6
1951-09-29,18,2,128,18,7,8,6
1951-10-06,22,1,115,12,8,12,3
1951-10-13,32,6,143,32,9,9,4
1951-10-20,71,34,127,22,6,24,2
1951-10-27,53,20,132,33,11,17,3
1951-11-03,65,25,131,25,7,44,4
1951-11-10,50,26,121,42,5,18,4
1951-11-17,47,20,153,43,14,34,3
1951-11-24,22,28,100,43,6,31,3
1951-12-01,28,25,166,44,13,30,1
1951-12-08,30,38,134,61,22,31,1
1951-12-15,16,42,154,32,16,35,3
1951-12-22,28,20,172,39,7,31,3
1951-12-29,19,21,148,38,5,50,0
1952-01-05,46,14,274,78,15,39,3
1952-01-12,33,13,195,69,13,27,4
1952-01-19,44,5,214,96,18,43,7
1952-01-26,41,5,177,94,12,52,10
1952-02-02,50,14,209,144,6,32,14
1952-02-09,65,7,273,210,13,90,9
1952-02-16,103,7,263,158,17,62,8
1952-02-23,123,18,300,217,32,113,10
1952-03-01,153,22,305,189,42,115,4
1952-03-08,218,33,395,254,57,179,12
1952-03-15,256,25,362,221,37,137,7
1952-03-22,201,16,368,226,82,213,24
1952-03-29,270,18,321,284,53,181,24
1952-04-05,231,32,332,306,77,175,55
1952-04-12,210,15,234,223,100,155,71
1952-04-19,294,46,234,348,93,164,90
1952-04-26,275,33,314,243,175,130,117
1952-05-03,222,26,215,210,86,111,83
1952-05-10,240,30,259,186,85,87,108
1952-05-17,320,50,258,194,103,96,96
1952-05-24,330,73,301,190,121,156,202
1952-05-31,519,58,356,192,134,121,146
1952-06-07,553,75,267,185,151,90,210
1952-06-14,745,77,330,201,178,98,230
1952-06-21,639,97,341,174,157,102,210
1952-06-28,714,103,298,270,214,114,223
1952-07-05,605,94,124,225,178,103,197
1952-07-12,791,143,172,282,175,79,192
1952-07-19,730,95,192,191,120,102,185
1952-07-26,844,83,154,310,107,103,215
1952-08-02,944,66,79,271,139,105,190
1952-08-09,926,89,48,219,95,139,215
1952-08-16,751,54,48,194,87,102,182
1952-08-23,573,38,29,151,68,116,132
1952-08-30,412,49,38,91,63,68,79
1952-09-06,280,48,16,61,47,60,67
1952-09-13,240,12,16,74,29,37,52
1952-09-20,272,20,15,64,38,40,35
1952-09-27,354,21,19,69,17,45,22
1952-10-04,554,23,36,77,17,99,34
1952-10-11,682,37,27,94,25,70,32
1952-10-18,964,21,45,131,30,97,35
1952-10-25,1094,23,13,127,39,122,32
1952-11-01,1252,31,28,184,23,181,41
1952-11-08,989,12,20,178,44,217,43
1952-11-15,1208,8,28,212,29,272,53
1952-11-22,1129,9,25,198,72,283,74
1952-11-29,1560,6,30,219,46,422,98
1952-12-06,1488,15,40,212,67,509,83
1952-12-13,1404,25,40,250,65,776,114
1952-12-20,1797,43,37,275,118,919,68
1952-12-27,996,26,34,237,71,833,126
1953-01-03,2705,96,61,413,179,1535,113
1953-01-10,1905,78,71,458,242,1155,135
1953-01-17,1777,62,54,359,139,958,165
1953-01-24,1421,108,42,297,145,978,108
1953-01-31,1470,107,81,301,115,1141,257
1953-02-07,1661,187,90,341,144,1368,275
1953-02-14,1507,241,104,327,160,1482,302
1953-02-21,1832,346,119,343,132,1266,277
1953-02-28,1624,360,139,335,98,1074,346
1953-03-07,1621,341,157,261,121,818,293
1953-03-14,1371,356,263,336,107,889,308
1953-03-21,1439,398,285,258,117,677,362
1953-03-28,1133,529,396,291,105,635,398
1953-04-04,953,468,488,291,126,550,292
1953-04-11,1032,633,442,314,149,436,357
1953-04-18,835,561,550,292,107,311,344
1953-04-25,629,443,401,401,92,235,267
1953-05-02,419,419,331,166,85,190,211
1953-05-09,369,359,420,196,76,108,161
1953-05-16,305,328,422,189,55,88,160
1953-05-23,345,279,431,176,46,75,159
1953-05-30,269,179,421,124,48,53,157
1953-06-06,297,155,442,153,41,63,126
1953-06-13,207,109,506,127,30,61,117
1953-06-20,291,103,527,107,43,51,101
1953-06-27,173,74,519,47,40,40,134
1953-07-04,145,77,422,86,30,48,100
1953-07-11,110,34,340,50,28,41,88
1953-07-18,107,42,260,49,18,31,73
1953-07-25,65,22,271,35,15,18,45
1953-08-01,80,14,201,31,13,15,42
1953-08-08,50,16,171,15,13,5,35
1953-08-15,67,13,82,15,8,13,25
1953-08-22,29,4,57,17,5,15,13
1953-08-29,20,3,33,15,7,16,5
1953-09-05,27,5,51,15,3,13,8
1953-09-12,19,0,22,1,5,8,8
1953-09-19,16,3,19,5,2,9,3
1953-09-26,13,1,22,4,2,3,3
1953-10-03,9,4,37,11,2,8,5
1953-10-10,13,3,31,6,1,2,3
1953-10-17,25,0,29,2,0,4,2
1953-10-24,19,0,24,3,0,3,1
1953-10-31,12,1,31,6,1,3,4
1953-11-07,31,2,21,5,1,4,2
1953-11-14,24,15,25,3,2,4,1
1953-11-21,15,0,30,6,3,2,2
1953-11-28,20,0,21,4,22,5,10
1953-12-05,12,1,29,2,4,5,2
1953-12-12,17,2,18,4,7,4,2
1953-12-19,12,0,20,1,1,6,4
1953-12-26,1,0,22,1,0,2,0
1954-01-02,58,1,53,6,6,5,7
1954-01-09,13,0,29,3,4,23,5
1954-01-16,18,0,34,3,2,7,2
1954-01-23,12,5,28,5,0,4,2
1954-01-30,11,1,22,2,2,5,2
1954-02-06,19,1,22,6,0,6,2
1954-02-13,16,1,39,3,1,3,6
1954-02-20,29,2,55,9,0,5,3
1954-02-27,33,4,41,3,1,5,9
1954-03-06,33,4,65,11,2,10,3
1954-03-13,41,2,64,7,1,4,5
1954-03-20,57,1,89,7,1,3,4
1954-03-27,32,1,107,10,0,5,4
1954-04-03,45,0,119,11,5,4,3
1954-04-10,67,0,122,7,0,6,6
1954-04-17,67,0,94,1,2,2,2
1954-04-24,93,0,129,8,1,0,7
1954-05-01,72,1,123,5,5,9,6
1954-05-08,71,2,126,5,7,5,1
1954-05-15,58,0,118,9,2,4,6
1954-05-22,61,4,133,14,10,10,5
1954-05-29,42,0,134,12,9,6,5
1954-06-05,68,0,143,40,28,8,4
1954-06-12,83,0,189,62,45,13,6
1954-06-19,93,2,235,44,35,5,10
1954-06-26,81,8,201,75,45,8,13
1954-07-03,94,7,242,47,65,6,5
1954-07-10,121,8,232,72,34,11,6
1954-07-17,191,7,235,80,46,9,16
1954-07-24,169,7,258,71,41,5,22
1954-07-31,147,13,294,82,37,6,10
1954-08-07,126,14,226,118,42,8,16
1954-08-14,123,6,251,91,29,17,16
1954-08-21,105,8,186,85,15,9,16
1954-08-28,81,4,172,72,21,6,7
1954-09-04,63,4,159,82,15,13,10
1954-09-11,57,5,113,67,14,9,8
1954-09-18,87,2,168,129,7,10,9
1954-09-25,80,0,177,165,5,5,8
1954-10-02,125,2,137,285,12,9,7
1954-10-09,159,0,194,380,8,12,10
1954-10-16,185,1,178,326,19,4,14
1954-10-23,204,1,250,524,23,8,32
1954-10-30,254,1,194,512,23,6,39
1954-11-06,285,0,277,651,30,12,42
1954-11-13,209,0,239,582,20,8,39
1954-11-20,262,4,342,642,22,19,28
1954-11-27,273,0,265,867,26,19,34
1954-12-04,390,16,324,872,26,16,20
1954-12-11,473,5,333,894,25,12,39
1954-12-18,548,26,279,709,19,24,41
1954-12-25,550,17,132,558,28,14,84
1955-01-01,988,25,314,631,17,37,63
1955-01-08,1004,31,269,629,31,32,92
1955-01-15,791,27,215,496,29,45,74
1955-01-22,656,13,155,328,41,70,63
1955-01-29,1137,18,216,442,53,142,122
1955-02-05,1295,40,170,387,136,240,142
1955-02-12,1945,37,213,519,190,403,188
1955-02-19,2402,67,240,502,265,408,234
1955-02-26,2694,41,283,483,326,877,360
1955-03-05,3412,55,252,350,310,844,478
1955-03-12,2626,63,250,316,263,1410,547
1955-03-19,3685,60,166,236,347,1461,618
1955-03-26,3337,83,200,168,266,1824,706
1955-04-02,4103,97,206,181,270,2286,804
1955-04-09,3089,134,178,117,193,1941,769
1955-04-16,3291,164,171,114,211,2336,750
1955-04-23,2614,257,226,86,218,1868,624
1955-04-30,1789,193,206,74,185,1430,442
1955-05-07,1236,321,211,73,156,1156,356
1955-05-14,1063,358,178,77,167,1041,293
1955-05-21,962,569,220,44,127,955,273
1955-05-28,923,676,141,53,109,850,313
1955-06-04,792,835,132,34,76,565,161
1955-06-11,932,703,159,69,74,606,369
1955-06-18,496,768,132,67,68,460,205
1955-06-25,506,761,145,48,42,317,165
1955-07-02,342,633,135,41,60,332,100
1955-07-09,380,516,147,49,28,247,98
1955-07-16,272,385,102,34,23,104,86
1955-07-23,192,432,73,34,12,106,70
1955-07-30,166,313,81,34,13,59,35
1955-08-06,130,189,45,20,2,55,44
1955-08-13,124,136,58,31,12,30,10
1955-08-20,82,77,28,37,4,22,17
1955-08-27,76,28,38,22,5,18,7
1955-09-03,58,27,19,37,4,6,5
1955-09-10,38,13,22,17,2,5,8
1955-09-17,22,7,16,15,2,12,7
1955-09-24,24,8,25,11,3,9,0
1955-10-01,32,2,23,13,3,11,2
1955-10-08,29,5,17,21,0,6,1
1955-10-15,41,3,18,12,0,16,1
1955-10-22,33,2,9,7,0,8,1
1955-10-29,33,2,19,9,0,8,4
1955-11-05,28,3,10,14,0,6,1
1955-11-12,36,1,25,10,4,5,4
1955-11-19,30,0,16,17,1,11,1
1955-11-26,29,2,17,4,2,7,10
1955-12-03,22,3,18,12,1,8,12
1955-12-10,20,3,24,1,6,5,7
1955-12-17,13,1,18,5,7,13,6
1955-12-24,15,1,8,12,2,0,10
1955-12-31,22,0,23,9,5,6,11
1956-01-07,26,0,9,35,2,5,9
1956-01-14,26,5,10,16,13,7,4
1956-01-21,20,1,16,8,6,6,3
1956-01-28,22,1,21,11,14,8,2
1956-02-04,26,2,24,17,9,4,0
1956-02-11,51,0,42,15,7,2,8
1956-02-18,61,0,47,19,12,2,11
1956-02-25,49,0,46,15,5,4,5
1956-03-03,76,7,42,23,5,6,2
1956-03-10,54,3,24,9,17,5,0
1956-03-17,56,0,39,21,16,0,2
1956-03-24,66,1,16,7,3,5,2
1956-03-31,76,1,26,10,1,3,1
1956-04-07,75,2,22,12,3,4,2
1956-04-14,114,4,57,10,4,6,2
1956-04-21,83,1,51,8,4,7,13
1956-04-28,80,5,59,13,5,5,4
1956-05-05,94,10,117,6,6,4,0
1956-05-12,166,9,118,6,0,3,1
1956-05-19,206,22,121,9,5,7,2
1956-05-26,249,12,197,4,1,9,2
1956-06-02,316,22,197,14,4,9,2
1956-06-09,317,8,198,9,2,4,1
1956-06-16,282,36,216,33,5,8,1
1956-06-23,280,11,179,11,8,10,1
1956-06-30,374,23,288,15,10,4,4
1956-07-07,305,22,215,13,3,14,3
1956-07-14,329,22,253,16,4,12,3
1956-07-21,287,13,259,13,2,8,1
1956-07-28,363,17,273,18,2,5,5
1956-08-04,258,16,235,20,0,18,3
1956-08-11,225,8,146,24,2,2,1
1956-08-18,245,21,152,27,3,7,1
1956-08-25,186,12,133,23,1,6,3
1956-09-01,172,8,109,18,1,9,2
1956-09-08,104,0,93,29,2,8,1
1956-09-15,98,4,89,20,1,3,3
1956-09-22,85,2,107,31,5,12,2
1956-09-29,100,2,110,30,4,5,4
1956-10-06,140,0,103,36,3,8,5
1956-10-13,146,1,105,59,10,8,2
1956-10-20,190,0,155,46,25,11,1
1956-10-27,195,1,154,94,14,10,9
1956-11-03,193,1,175,54,21,10,4
1956-11-10,232,0,146,67,13,22,4
1956-11-17,220,1,201,48,24,31,2
1956-11-24,314,1,177,88,17,18,3
1956-12-01,266,2,180,103,30,51,7
1956-12-08,390,1,192,184,26,39,9
1956-12-15,397,1,208,228,68,34,7
1956-12-22,397,2,197,221,70,42,8
1956-12-29,438,5,258,264,81,30,1
1957-01-05,798,4,381,416,189,80,12
1957-01-12,674,6,299,339,277,78,17
1957-01-19,680,7,291,258,284,51,11
1957-01-26,682,14,247,437,349,73,20
1957-02-02,971,21,416,510,373,58,16
1957-02-09,1353,25,459,572,547,136,29
1957-02-16,1508,24,469,606,556,140,56
1957-02-23,1945,28,479,743,616,234,68
1957-03-02,1876,52,497,718,444,282,99
1957-03-09,2225,74,506,714,471,403,119
1957-03-16,1832,54,646,768,339,461,134
1957-03-23,2034,83,654,610,329,722,154
1957-03-30,1724,99,568,630,195,640,158
1957-04-06,2007,124,464,592,151,840,185
1957-04-13,2016,217,350,548,115,1133,220
1957-04-20,1767,213,356,483,27,905,227
1957-04-27,1780,328,244,486,89,1239,236
1957-05-04,1640,347,230,419,34,975,273
1957-05-11,1169,292,211,221,31,816,243
1957-05-18,869,263,242,235,27,694,324
1957-05-25,1071,377,196,198,12,961,438
1957-06-01,893,403,216,219,10,850,602
1957-06-08,964,421,197,137,20,1033,611
1957-06-15,856,376,194,170,15,921,738
1957-06-22,752,518,141,159,12,986,803
1957-06-29,584,408,151,113,9,739,582
1957-07-06,427,381,138,110,8,447,471
1957-07-13,344,349,136,84,16,407,392
1957-07-20,225,303,108,88,9,447,362
1957-07-27,219,259,85,50,6,387,278
1957-08-03,216,212,88,44,11,303,166
1957-08-10,162,177,74,20,7,186,139
1957-08-17,148,99,71,35,3,132,109
1957-08-24,90,81,55,6,7,94,63
1957-08-31,60,32,48,5,6,45,34
1957-09-07,53,21,42,10,5,83,18
1957-09-14,28,21,20,10,4,19,11
1957-09-21,28,38,27,8,1,12,3
1957-09-28,20,33,13,5,0,13,1
1957-10-05,23,37,7,9,3,31,5
1957-10-12,24,21,9,8,0,4,6
1957-10-19,27,25,6,8,0,9,9
1957-10-26,23,31,8,14,0,3,4
1957-11-02,23,35,18,24,1,8,2
1957-11-09,30,30,10,22,0,12,2
1957-11-16,36,25,18,39,1,17,0
1957-11-23,31,23,20,12,0,6,0
1957-11-30,37,19,22,18,0,14,0
1957-12-07,44,20,24,12,2,8,0
1957-12-14,40,26,26,25,0,16,1
1957-12-21,35,26,24,6,0,9,1
1957-12-28,23,7,44,20,1,3,3
1958-01-04,27,14,45,16,1,11,1
1958-01-11,39,9,26,16,0,9,1
1958-01-18,18,15,23,20,0,10,1
1958-01-25,39,0,31,19,3,23,1
1958-02-01,56,6,53,25,1,43,1
1958-02-08,64,12,58,27,1,25,3
1958-02-15,89,9,60,40,1,9,0
1958-02-22,153,23,161,29,1,41,3
1958-03-01,110,28,128,39,1,39,1
1958-03-08,210,30,179,17,1,20,0
1958-03-15,140,16,159,26,2,38,4
1958-03-22,232,47,153,17,0,40,1
1958-03-29,165,48,164,42,0,56,0
1958-04-05,250,30,150,44,1,117,1
1958-04-12,281,49,150,40,2,89,5
1958-04-19,444,67,154,57,2,102,6
1958-04-26,294,62,150,47,1,96,5
1958-05-03,283,42,125,39,1,126,1
1958-05-10,349,65,140,39,1,88,2
1958-05-17,436,72,115,32,5,94,1
1958-05-24,596,88,189,24,0,83,1
1958-05-31,549,102,131,55,0,91,3
1958-06-07,592,131,185,38,5,102,8
1958-06-14,457,129,169,63,3,131,8
1958-06-21,515,125,237,62,5,103,15
1958-06-28,475,155,218,74,3,147,7
1958-07-05,483,99,263,99,4,176,9
1958-07-12,537,89,300,97,2,172,14
1958-07-19,568,122,253,79,2,229,15
1958-07-26,508,106,257,96,2,258,16
1958-08-02,461,111,241,119,4,238,13
1958-08-09,318,92,196,92,0,193,7
1958-08-16,283,102,166,84,3,170,19
1958-08-23,221,76,129,65,6,93,18
1958-08-30,199,35,73,61,7,70,11
1958-09-06,118,36,74,54,7,58,12
1958-09-13,94,25,61,40,6,44,4
1958-09-20,100,9,50,52,2,30,3
1958-09-27,120,26,41,60,3,36,6
1958-10-04,122,24,56,88,2,24,4
1958-10-11,164,28,70,67,4,30,6
1958-10-18,198,20,53,85,3,39,18
1958-10-25,243,38,108,34,2,46,16
1958-11-01,300,29,79,87,1,47,19
1958-11-08,307,29,101,69,0,56,23
1958-11-15,326,25,138,81,5,36,33
1958-11-22,387,27,128,89,0,47,24
1958-11-29,398,27,109,99,4,58,61
1958-12-06,561,33,136,116,15,69,48
1958-12-13,633,36,143,117,26,85,53
1958-12-20,666,42,233,73,32,94,88
1958-12-27,617,74,117,74,16,31,69
1959-01-03,1466,45,360,133,65,159,206
1959-01-10,1068,44,296,158,99,144,209
1959-01-17,1001,32,277,125,79,149,185
1959-01-24,983,40,189,178,95,188,214
1959-01-31,1302,43,226,219,57,284,195
1959-02-07,1438,70,217,242,169,382,289
1959-02-14,1400,76,213,276,238,525,348
1959-02-21,1561,164,252,215,354,536,434
1959-02-28,1419,126,252,224,225,647,326
1959-03-07,1360,162,165,315,278,582,380
1959-03-14,1485,166,103,268,292,531,306
1959-03-21,1262,133,169,280,365,587,379
1959-03-28,1360,175,140,226,374,501,300
1959-04-04,1388,193,188,332,340,725,288
1959-04-11,1376,232,157,319,419,739,257
1959-04-18,972,141,143,363,295,504,205
1959-04-25,695,199,115,217,217,414,150
1959-05-02,675,287,150,234,208,378,169
1959-05-09,638,344,96,266,244,339,150
1959-05-16,719,327,157,255,188,430,224
1959-05-23,673,297,147,286,168,332,229
1959-05-30,687,289,141,233,134,372,284
1959-06-06,572,202,154,234,117,352,245
1959-06-13,585,240,127,237,87,240,269
1959-06-20,405,167,161,142,83,284,278
1959-06-27,404,215,141,190,154,248,238
1959-07-04,342,214,139,138,142,192,255
1959-07-11,310,155,130,146,80,194,190
1959-07-18,197,137,164,96,69,113,176
1959-07-25,180,112,110,87,30,119,144
1959-08-01,133,96,97,83,22,119,108
1959-08-08,117,47,72,57,18,75,57
1959-08-15,113,66,69,49,17,53,54
1959-08-22,90,41,41,39,14,51,30
1959-08-29,68,18,42,23,9,32,26
1959-09-05,43,19,40,7,2,24,13
1959-09-12,32,5,28,10,11,15,9
1959-09-19,29,8,14,7,6,22,5
1959-09-26,20,5,22,18,4,16,2
1959-10-03,26,11,24,29,9,10,6
1959-10-10,36,8,37,20,2,8,18
1959-10-17,25,6,39,11,2,15,11
1959-10-24,26,4,56,19,0,9,12
1959-10-31,15,0,94,19,4,16,6
1959-11-07,22,2,69,14,0,31,18
1959-11-14,19,2,82,14,1,21,2
1959-11-21,16,2,66,5,2,7,7
1959-11-28,19,3,85,11,1,26,21
1959-12-05,26,2,83,11,1,10,8
1959-12-12,16,2,84,12,1,5,7
1959-12-19,23,2,71,16,2,6,16
1959-12-26,18,1,37,8,2,7,12
1960-01-02,19,2,78,20,5,16,8
1960-01-09,17,4,51,15,8,17,6
1960-01-16,17,1,66,19,2,15,5
1960-01-23,16,2,46,19,3,5,4
1960-01-30,29,0,61,13,1,2,2
1960-02-06,44,3,55,22,2,6,2
1960-02-13,34,3,66,22,0,4,0
1960-02-20,47,0,141,36,0,5,2
1960-02-27,60,2,78,62,1,4,3
1960-03-05,95,2,136,54,1,3,4
1960-03-12,90,3,134,61,2,8,8
1960-03-19,100,2,147,51,0,3,4
1960-03-26,83,4,137,53,2,8,9
1960-04-02,86,3,188,97,0,6,0
1960-04-09,70,7,218,67,0,2,1
1960-04-16,81,5,191,77,1,1,1
1960-04-23,96,7,150,89,1,6,0
1960-04-30,112,5,222,75,2,4,1
1960-05-07,106,1,123,63,0,3,2
1960-05-14,93,6,159,80,4,10,4
1960-05-21,88,2,210,94,3,4,3
1960-05-28,99,1,188,96,1,5,6
1960-06-04,137,3,291,115,4,6,6
1960-06-11,146,7,221,82,2,6,2
1960-06-18,122,6,383,124,5,9,8
1960-06-25,134,16,234,109,3,4,10
1960-07-02,134,3,294,118,6,4,10
1960-07-09,101,20,293,143,5,9,13
1960-07-16,107,5,256,105,5,17,12
1960-07-23,163,20,254,132,2,19,19
1960-07-30,139,7,210,101,2,14,40
1960-08-06,147,20,208,96,6,9,18
1960-08-13,133,15,180,97,2,6,27
1960-08-20,114,11,128,74,2,11,19
1960-08-27,80,8,119,85,3,10,31
1960-09-03,61,4,92,64,5,11,16
1960-09-10,46,2,63,50,7,9,16
1960-09-17,54,4,63,54,4,7,19
1960-09-24,48,10,79,48,4,10,11
1960-10-01,86,8,91,57,3,11,8
1960-10-08,112,14,82,60,2,26,14
1960-10-15,173,12,152,62,4,30,13
1960-10-22,183,10,136,78,0,16,5
1960-10-29,261,11,151,108,1,37,15
1960-11-05,288,37,259,130,1,41,3
1960-11-12,301,15,200,90,0,46,13
1960-11-19,302,13,221,144,1,49,6
1960-11-26,400,14,229,67,1,54,19
1960-12-03,400,13,221,127,6,85,18
1960-12-10,499,20,250,142,4,15,44
1960-12-17,621,25,234,159,10,111,25
1960-12-24,726,56,249,126,10,170,52
1960-12-31,910,84,219,244,35,254,46
1961-01-07,1390,98,283,330,33,449,90
1961-01-14,1310,74,255,234,69,298,81
1961-01-21,1087,80,228,220,51,325,91
1961-01-28,1552,54,161,202,33,357,202
1961-02-04,2008,91,142,184,144,430,146
1961-02-11,2797,108,179,266,200,919,331
1961-02-18,3204,138,211,306,183,965,287
1961-02-25,3339,186,152,323,247,1235,405
1961-03-04,3403,167,199,313,260,1318,333
1961-03-11,2986,215,171,300,224,1364,375
1961-03-18,3032,207,132,297,283,1561,339
1961-03-25,2513,292,136,320,243,1102,424
1961-04-01,2517,333,157,228,189,1177,355
1961-04-08,2857,456,145,288,242,1190,451
1961-04-15,2391,558,200,245,385,1309,416
1961-04-22,1881,512,145,219,268,1066,347
1961-04-29,1330,431,113,157,181,653,231
1961-05-06,992,567,74,144,140,521,266
1961-05-13,937,518,128,121,264,532,346
1961-05-20,873,506,114,143,297,488,330
1961-05-27,727,546,111,116,66,298,314
1961-06-03,682,433,161,149,252,426,297
1961-06-10,597,289,137,82,160,329,308
1961-06-17,440,365,184,78,201,200,287
1961-06-24,420,208,177,95,78,293,225
1961-07-01,347,317,162,122,175,180,162
1961-07-08,304,179,195,70,44,131,155
1961-07-15,210,155,163,112,65,91,124
1961-07-22,185,111,155,75,51,121,92
1961-07-29,190,121,139,77,11,99,71
1961-08-05,145,111,135,71,15,52,55
1961-08-12,120,82,77,49,16,7,39
1961-08-19,92,52,72,66,12,51,21
1961-08-26,107,50,49,39,0,44,23
1961-09-02,72,30,51,30,16,22,11
1961-09-09,49,8,38,27,11,18,11
1961-09-16,47,6,22,33,0,17,8
1961-09-23,39,3,23,34,3,10,2
1961-09-30,36,2,20,35,0,15,4
1961-10-07,40,3,19,28,2,4,5
1961-10-14,44,5,16,36,13,14,4
1961-10-21,45,5,12,18,1,15,9
1961-10-28,36,1,17,15,1,2,5
1961-11-04,51,3,15,22,0,6,10
1961-11-11,40,1,9,36,0,9,1
1961-11-18,33,1,9,41,0,5,8
1961-11-25,40,1,7,47,3,14,4
1961-12-02,30,0,4,38,3,3,13
1961-12-09,39,2,11,29,0,7,11
1961-12-16,20,0,16,44,0,6,3
1961-12-23,19,0,5,22,0,13,10
1961-12-30,26,1,9,13,0,8,6
1962-01-06,24,2,9,32,0,7,5
1962-01-13,30,0,7,33,0,5,11
1962-01-20,28,1,21,12,1,9,2
1962-01-27,33,0,22,18,2,2,12
1962-02-03,45,2,13,19,0,10,0
1962-02-10,48,0,20,19,0,10,4
1962-02-17,44,2,18,26,1,9,3
1962-02-24,77,0,34,26,3,16,1
1962-03-03,59,0,20,33,0,19,0
1962-03-10,83,2,29,43,4,18,4
1962-03-17,91,0,22,55,1,19,1
1962-03-24,112,0,48,36,0,23,2
1962-03-31,146,4,59,36,0,14,5
1962-04-07,109,1,64,44,1,25,0
1962-04-14,142,3,37,38,0,36,5
1962-04-21,131,0,49,28,2,21,0
1962-04-28,118,0,43,32,2,17,2
1962-05-05,109,2,47,31,4,53,7
1962-05-12,131,1,22,28,1,23,2
1962-05-19,85,4,37,29,2,40,0
1962-05-26,66,0,34,34,1,18,9
1962-06-02,66,2,38,32,2,14,3
1962-06-09,54,0,48,31,1,21,1
1962-06-16,68,0,42,15,0,16,0
1962-06-23,73,0,75,56,4,18,14
1962-06-30,65,1,69,34,1,27,6
1962-07-07,75,1,105,50,1,11,3
1962-07-14,68,1,128,63,1,26,5
1962-07-21,128,0,217,59,6,43,3
1962-07-28,137,1,184,73,1,28,10
1962-08-04,130,0,214,71,1,32,3
1962-08-11,112,0,260,80,0,16,7
1962-08-18,117,0,294,54,10,20,7
1962-08-25,91,1,217,54,0,12,12
1962-09-01,94,0,166,25,8,17,5
1962-09-08,83,2,198,22,1,3,13
1962-09-15,71,2,83,24,5,12,9
1962-09-22,57,2,115,19,3,10,10
1962-09-29,113,3,126,31,6,15,14
1962-10-06,166,3,224,35,5,27,34
1962-10-13,194,0,265,32,4,42,63
1962-10-20,186,4,393,45,7,77,84
1962-10-27,271,2,567,36,2,85,134
1962-11-03,317,1,592,71,7,94,80
1962-11-10,425,3,657,63,4,126,118
1962-11-17,345,1,725,75,17,124,123
1962-11-24,467,4,645,71,10,241,132
1962-12-01,558,10,813,112,18,191,149
1962-12-08,692,5,730,131,26,287,277
1962-12-15,868,36,632,149,50,368,299
1962-12-22,848,8,564,169,37,419,320
1962-12-29,633,23,402,188,88,296,239
1963-01-05,1370,71,646,322,248,734,539
1963-01-12,1103,79,537,358,234,710,426
1963-01-19,820,97,313,257,205,659,305
1963-01-26,877,93,226,250,156,502,346
1963-02-02,901,118,180,225,400,662,311
1963-02-09,1190,301,188,411,459,1022,516
1963-02-16,1050,169,158,426,264,779,439
1963-02-23,1250,202,156,398,434,1004,467
1963-03-02,1121,264,88,340,164,807,424
1963-03-09,1052,259,78,282,134,721,340
1963-03-16,983,254,68,225,104,797,353
1963-03-23,1016,177,65,185,84,713,287
1963-03-30,1199,200,54,228,146,786,244
1963-04-06,1287,295,52,158,65,587,176
1963-04-13,1175,212,55,128,45,345,174
1963-04-20,1450,356,68,178,27,405,126
1963-04-27,1332,355,46,183,50,343,148
1963-05-04,1102,285,90,167,14,289,130
1963-05-11,756,201,49,99,27,252,85
1963-05-18,713,405,52,106,21,192,87
1963-05-25,622,328,59,100,13,213,93
1963-06-01,775,368,59,153,11,245,83
1963-06-08,663,319,33,155,6,186,78
1963-06-15,862,306,61,148,29,208,79
1963-06-22,588,218,58,148,5,113,94
1963-06-29,571,223,59,97,30,160,67
1963-07-06,477,152,53,76,17,88,78
1963-07-13,471,153,46,75,34,85,116
1963-07-20,457,83,57,65,19,91,78
1963-07-27,503,137,46,66,13,71,74
1963-08-03,338,106,53,83,28,46,64
1963-08-10,231,76,34,45,8,45,46
1963-08-17,183,41,37,32,8,67,27
1963-08-24,175,24,37,53,0,69,25
1963-08-31,77,62,30,13,19,23,20
1963-09-07,74,14,28,18,24,35,8
1963-09-14,43,21,36,13,20,28,12
1963-09-21,45,17,27,13,10,22,13
1963-09-28,48,12,29,17,10,12,29
1963-10-05,37,7,37,22,9,13,40
1963-10-12,38,10,43,19,25,13,42
1963-10-19,27,17,61,42,14,16,21
1963-10-26,43,5,62,29,55,10,35
1963-11-02,38,10,59,15,56,28,31
1963-11-09,56,19,60,20,46,20,50
1963-11-16,48,34,67,16,58,48,20
1963-11-23,36,33,84,16,13,41,36
1963-11-30,54,32,91,8,46,20,32
1963-12-07,49,26,100,17,27,31,31
1963-12-14,29,13,113,8,26,39,21
1963-12-21,39,26,123,8,35,29,16
1963-12-28,16,21,75,7,44,6,13
1964-01-04,39,30,165,21,0,84,40
1964-01-11,37,14,166,14,59,83,35
1964-01-18,38,14,121,23,23,49,21
1964-01-25,39,13,113,48,22,55,16
1964-02-01,56,16,124,39,13,47,38
1964-02-08,79,71,143,61,11,76,23
1964-02-15,70,41,173,30,23,71,48
1964-02-22,65,76,200,44,25,75,25
1964-02-29,74,35,257,29,17,81,26
1964-03-07,86,57,204,35,15,132,22
1964-03-14,105,59,209,27,27,115,28
1964-03-21,143,36,307,31,13,167,31
1964-03-28,148,23,196,23,6,129,24
1964-04-04,143,25,216,23,25,194,18
1964-04-11,121,25,238,23,6,185,12
1964-04-18,125,42,151,25,35,166,11
1964-04-25,100,16,174,27,19,145,9
1964-05-02,110,29,127,28,24,171,9
1964-05-09,147,11,146,40,41,187,2
1964-05-16,179,49,141,64,44,202,24
1964-05-23,175,19,171,77,16,177,24
1964-05-30,239,40,154,162,43,316,44
1964-06-06,229,21,160,92,37,288,35
1964-06-13,256,20,213,99,44,263,45
1964-06-20,235,17,216,122,45,272,48
1964-06-27,330,14,236,128,45,229,67
1964-07-04,327,15,278,143,58,256,94
1964-07-11,375,23,237,170,52,241,110
1964-07-18,318,24,149,113,41,105,70
1964-07-25,423,35,190,131,3,202,136
1964-08-01,512,59,256,204,50,243,187
1964-08-08,408,75,109,135,32,159,158
1964-08-15,347,63,87,152,52,133,157
1964-08-22,260,53,81,96,11,82,103
1964-08-29,187,42,73,112,24,44,81
1964-09-05,180,26,63,42,19,36,45
1964-09-12,149,16,33,52,4,29,48
1964-09-19,160,12,19,42,9,24,63
1964-09-26,132,19,28,49,1,42,47
1964-10-03,132,28,54,49,2,53,39
1964-10-10,194,31,30,73,0,36,85
1964-10-17,238,21,45,46,4,33,120
1964-10-24,247,20,58,78,1,48,159
1964-10-31,299,28,53,88,13,50,154
1964-11-07,316,34,48,90,9,47,168
1964-11-14,469,38,53,90,1,66,132
1964-11-21,539,27,69,129,5,88,187
1964-11-28,563,20,61,144,18,98,149
1964-12-05,679,39,99,127,8,147,231
1964-12-12,695,31,47,178,12,151,186
1964-12-19,810,34,64,173,13,124,210
1964-12-26,666,42,48,130,28,110,137
1965-01-02,1157,91,161,177,0,178,232
1965-01-09,1172,46,78,253,52,205,231
1965-01-16,1042,44,128,211,38,198,231
1965-01-23,959,99,92,175,86,160,138
1965-01-30,1071,120,119,228,38,123,183
1965-02-06,1375,182,84,249,138,187,235
1965-02-13,1819,224,120,257,173,265,300
1965-02-20,1745,178,164,214,134,275,357
1965-02-27,1848,209,149,187,345,310,297
1965-03-06,1900,213,156,201,159,293,254
1965-03-13,1444,189,115,153,183,298,181
1965-03-20,1540,296,116,133,146,297,132
1965-03-27,1089,193,118,145,132,315,160
1965-04-03,3946,297,149,140,102,403,129
1965-04-10,3152,329,106,105,141,241,93
1965-04-17,2358,220,85,78,137,290,120
1965-04-24,2431,255,105,90,83,320,60
1965-05-01,2337,215,125,68,136,291,74
1965-05-08,1708,206,108,84,92,339,44
1965-05-15,1382,135,122,69,53,255,70
1965-05-22,1101,169,101,72,66,211,61
1965-05-29,991,122,162,70,58,229,98
1965-06-05,959,202,168,101,73,218,83
1965-06-12,773,170,152,48,49,181,58
1965-06-19,855,233,170,89,48,219,99
1965-06-26,710,167,196,91,61,180,103
1965-07-03,629,133,206,96,122,186,90
1965-07-10,529,111,209,86,47,167,50
1965-07-17,494,138,222,78,36,208,58
1965-07-24,417,69,266,63,30,170,43
1965-07-31,398,62,224,66,45,124,62
1965-08-07,424,106,187,24,65,132,39
1965-08-14,288,27,148,38,26,90,72
1965-08-21,249,35,105,18,22,50,53
1965-08-28,183,30,93,16,23,40,27
1965-09-04,136,31,106,17,18,73,15
1965-09-11,120,16,87,13,10,24,21
1965-09-18,113,14,74,9,7,43,17
1965-09-25,99,6,110,9,9,31,17
1965-10-02,101,12,69,14,20,24,7
1965-10-09,141,5,129,5,5,42,11
1965-10-16,135,12,104,21,2,37,14
1965-10-23,164,4,150,15,4,59,6
1965-10-30,170,7,98,24,2,42,15
1965-11-06,261,4,118,33,1,40,20
1965-11-13,184,4,184,37,0,27,13
1965-11-20,153,6,161,53,4,43,21
1965-11-27,133,3,174,92,4,29,15
1965-12-04,151,0,177,54,8,30,16
1965-12-11,185,4,179,73,11,40,20
1965-12-18,140,1,210,48,0,39,16
1965-12-25,185,4,154,34,0,37,33
1966-01-01,228,7,213,62,0,82,16
1966-01-08,242,9,223,59,1,74,62
1966-01-15,269,14,206,44,4,53,34
1966-01-22,205,7,213,26,4,98,39
1966-01-29,249,8,166,35,6,90,15
1966-02-05,383,12,166,25,11,91,26
1966-02-12,388,20,180,19,15,111,24
1966-02-19,397,20,120,16,7,117,15
1966-02-26,427,13,147,24,8,126,17
1966-03-05,376,8,114,23,17,110,26
1966-03-12,477,21,92,28,8,142,19
1966-03-19,392,41,127,21,10,139,28
1966-03-26,418,78,116,23,9,144,49
1966-04-02,533,85,111,22,9,130,61
1966-04-09,387,98,119,23,8,83,59
1966-04-16,510,128,77,29,5,149,69
1966-04-23,605,122,134,38,7,118,74
1966-04-30,525,161,100,34,8,102,89
1966-05-07,459,139,107,24,10,65,79
1966-05-14,429,83,92,16,7,82,50
1966-05-21,456,92,66,21,4,101,53
1966-05-28,621,80,87,26,4,96,63
1966-06-04,479,158,64,2,8,103,61
1966-06-11,752,117,91,44,14,129,87
1966-06-18,609,108,94,37,1,95,127
1966-06-25,714,130,42,59,27,92,145
1966-07-02,717,143,59,54,5,93,175
1966-07-09,839,115,67,59,42,116,159
1966-07-16,781,95,59,54,13,142,163
1966-07-23,812,162,68,80,38,151,181
1966-07-30,855,83,61,71,43,156,161
1966-08-06,978,93,73,79,33,121,153
1966-08-13,965,89,55,62,52,90,163
1966-08-20,828,63,53,52,33,106,104
1966-08-27,600,46,73,83,24,69,107
1966-09-03,403,26,29,68,26,51,70
1966-09-10,401,23,40,46,23,42,53
1966-09-17,327,17,28,33,12,26,50
1966-09-24,340,23,40,63,20,30,24
1966-10-01,344,9,41,55,27,38,58
1966-10-08,449,27,58,70,28,60,67
1966-10-15,694,16,40,90,53,76,90
1966-10-22,889,12,65,92,40,101,97
1966-10-29,1031,41,64,159,65,144,88
1966-11-05,1058,41,80,145,90,180,77
1966-11-12,1238,18,94,159,76,241,106
1966-11-19,1343,46,106,173,73,225,105
1966-11-26,1727,45,97,158,52,310,123
1966-12-03,2177,70,148,127,89,287,103
1966-12-10,2498,97,125,152,88,393,144
1966-12-17,2527,86,122,156,69,312,140
1966-12-24,2861,137,147,188,102,273,149
1966-12-31,3361,155,148,145,101,366,126
1967-01-06,5105,219,204,185,103,516,212
1967-01-13,3994,134,212,177,87,400,178
1967-01-20,3563,216,131,165,75,337,139
1967-01-27,3357,198,177,103,55,481,151
1967-02-03,4402,173,165,149,58,449,117
1967-02-10,4967,260,198,127,67,511,178
1967-02-17,5245,195,246,126,35,539,169
1967-02-24,5464,191,307,175,44,555,223
1967-03-03,4933,172,265,144,25,587,218
1967-03-10,4084,148,278,154,22,540,225
1967-03-17,3871,157,257,123,30,420,235
1967-03-24,2730,103,194,132,30,464,211
1967-03-31,3295,136,226,132,27,393,138
1967-04-07,3034,138,216,142,41,392,156
1967-04-14,2023,98,197,95,22,300,123
1967-04-21,1512,97,188,71,25,250,62
1967-04-28,1175,101,134,77,12,236,72
1967-05-05,1087,93,130,62,21,215,60
1967-05-12,912,77,92,82,19,253,74
1967-05-19,937,72,126,70,16,188,72
1967-05-26,887,75,138,56,13,167,60
1967-06-02,622,61,94,72,9,244,55
1967-06-09,652,81,130,93,8,146,85
1967-06-16,511,67,110,65,5,180,58
1967-06-23,419,49,136,51,8,121,45
1967-06-30,342,49,128,25,5,116,58
1967-07-07,388,44,128,25,3,137,38
1967-07-14,359,24,112,37,7,82,47
1967-07-21,281,51,138,35,6,73,38
1967-07-28,198,23,102,32,7,77,59
1967-08-04,291,27,96,44,7,55,61
1967-08-11,190,21,60,15,7,54,57
1967-08-18,185,18,66,34,2,29,31
1967-08-25,110,12,45,13,3,9,35
1967-09-01,78,8,30,10,4,13,15
1967-09-08,75,3,39,8,8,12,19
1967-09-15,70,13,29,13,2,17,11
1967-09-22,49,9,11,6,3,4,8
1967-09-29,79,4,19,3,0,9,14
1967-10-06,53,8,19,6,0,11,12
1967-10-13,72,3,14,3,0,17,11
1967-10-20,67,12,11,10,4,18,9
1967-10-27,77,7,7,5,1,10,12
1967-11-03,77,3,24,3,3,33,11
1967-11-10,51,5,18,3,1,20,23
1967-11-17,51,4,11,2,1,21,18
1967-11-24,47,12,24,3,0,10,27
1967-12-01,48,8,11,7,2,23,23
1967-12-08,51,13,14,12,1,16,27
1967-12-15,40,13,14,3,1,5,19
1967-12-22,31,13,11,8,0,14,38
1967-12-29,22,3,36,4,2,14,33
1968-01-05,47,18,34,9,0,28,40
1968-01-12,35,8,17,18,1,34,49
1968-01-19,32,10,13,13,4,15,18
1968-01-26,38,9,19,12,4,22,26
1968-02-02,39,13,32,6,6,22,17
1968-02-09,51,14,15,7,6,36,39
1968-02-16,60,8,32,1,13,37,46
1968-02-23,48,19,35,3,27,37,48
1968-03-01,50,9,33,2,20,34,59
1968-03-08,71,11,50,8,45,30,65
1968-03-15,95,14,59,6,45,63,59
1968-03-22,113,10,40,12,81,54,35
1968-03-29,118,13,54,5,63,54,70
1968-04-05,138,5,51,7,67,73,87
1968-04-12,132,8,38,5,49,33,81
1968-04-19,107,0,46,24,78,51,127
1968-04-26,172,7,43,28,101,107,174
1968-05-03,150,9,49,23,68,117,145
1968-05-10,162,13,44,14,65,64,133
1968-05-17,155,12,60,21,58,102,147
1968-05-24,221,28,90,13,88,94,222
1968-05-31,292,23,151,27,95,106,392
1968-06-07,260,11,147,14,97,186,357
1968-06-14,333,14,186,35,132,202,395
1968-06-21,325,12,164,32,115,288,389
1968-06-28,317,21,220,59,113,274,420
1968-07-05,317,8,266,59,94,310,351
1968-07-12,396,15,226,94,113,368,304
1968-07-19,413,16,318,99,81,412,268
1968-07-26,387,16,270,120,67,450,262
1968-08-02,498,24,262,145,41,475,164
1968-08-09,456,23,217,123,42,377,162
1968-08-16,428,24,186,117,23,271,131
1968-08-23,320,29,115,84,18,202,97
1968-08-30,245,24,115,59,21,173,64
1968-09-06,214,20,70,52,5,106,33
1968-09-13,172,19,72,46,13,83,33
1968-09-20,171,16,50,26,1,45,29
1968-09-27,149,21,41,71,1,53,19
1968-10-04,206,13,81,69,3,55,21
1968-10-11,272,28,66,109,6,72,23
1968-10-18,297,27,39,118,3,109,11
1968-10-25,400,33,51,110,6,96,20
1968-11-01,453,28,46,113,2,104,10
1968-11-08,516,46,32,112,5,125,10
1968-11-15,584,60,41,94,4,105,5
1968-11-22,549,28,21,82,0,90,6
1968-11-29,564,22,33,106,2,58,4
1968-12-06,830,20,19,77,1,69,10
1968-12-13,747,20,30,80,2,88,4
1968-12-20,859,14,9,87,6,63,3
1968-12-27,497,20,14,73,0,33,4
1969-01-03,1396,54,21,129,0,94,32
1969-01-10,1267,52,18,108,1,53,17
1969-01-17,968,61,7,72,4,52,20
1969-01-24,830,32,15,42,4,68,23
1969-01-31,729,37,3,70,0,29,13
1969-02-07,1234,67,24,48,1,113,15
1969-02-14,1168,49,12,38,3,100,9
1969-02-21,1217,38,5,34,1,67,7
1969-02-28,1229,48,5,54,1,66,14
1969-03-07,1174,65,9,32,0,65,8
1969-03-14,1197,48,11,61,1,48,11
1969-03-21,1157,62,8,42,1,64,8
1969-03-28,1173,93,8,75,0,65,9
1969-04-04,895,43,20,38,1,59,4
1969-04-11,1021,30,10,52,0,62,4
1969-04-18,1138,41,14,52,0,56,3
1969-04-25,985,30,14,48,2,46,7
1969-05-02,845,9,6,56,1,43,6
1969-05-09,808,28,7,47,1,35,5
1969-05-16,857,26,10,57,0,47,6
1969-05-23,904,33,7,53,0,57,10
1969-05-30,784,31,4,81,3,32,5
1969-06-06,915,48,4,61,4,33,5
1969-06-13,756,27,7,82,6,56,11
1969-06-20,729,13,7,66,0,35,4
1969-06-27,606,30,4,61,1,44,9
1969-07-04,621,20,11,81,3,53,1
1969-07-11,611,24,21,65,6,61,7
1969-07-18,513,14,20,84,0,48,18
1969-07-25,496,36,30,75,3,68,8
1969-08-01,428,46,37,48,1,60,6
1969-08-08,365,36,36,94,2,33,1
1969-08-15,270,22,15,38,4,30,5
1969-08-22,219,23,16,39,2,23,1
1969-08-29,139,11,13,35,3,17,4
1969-09-05,101,4,15,13,6,16,3
1969-09-12,99,17,5,21,1,8,2
1969-09-19,106,5,NA,12,3,8,2
1969-09-26,97,8,20,12,3,13,12
1969-10-03,93,3,28,23,1,10,10
1969-10-10,85,5,17,28,4,11,35
1969-10-17,109,10,32,30,3,18,23
1969-10-24,125,3,30,26,5,18,33
1969-10-31,98,9,25,42,8,15,12
1969-11-07,118,7,39,32,1,12,20
1969-11-14,112,8,21,21,3,16,22
1969-11-21,88,8,55,18,4,20,48
1969-11-28,96,3,49,10,0,16,42
1969-12-05,100,20,47,33,2,30,37
1969-12-12,100,7,60,19,3,16,44
1969-12-19,134,9,87,30,1,16,35
1969-12-26,78,6,51,21,2,8,42
1970-01-02,189,3,112,39,10,5,51
1970-01-09,156,11,105,38,8,27,74
1970-01-16,113,9,86,22,8,8,0
1970-01-23,180,6,71,17,3,28,63
1970-01-30,207,14,112,12,4,25,52
1970-02-06,251,11,182,21,15,15,70
1970-02-13,292,11,193,50,13,29,67
1970-02-20,299,33,227,42,21,22,102
1970-02-27,367,32,352,59,8,26,92
1970-03-06,305,31,217,63,20,44,165
1970-03-13,286,21,290,74,20,68,135
1970-03-20,303,30,313,71,23,41,143
1970-03-27,309,23,284,43,42,18,184
1970-04-03,361,20,378,75,35,40,146
1970-04-10,441,29,315,69,45,38,231
1970-04-17,352,21,270,76,63,66,189
1970-04-24,317,41,271,69,31,59,167
1970-05-01,271,39,196,92,60,46,121
1970-05-08,340,43,220,75,113,69,201
1970-05-15,334,30,194,127,170,122,233
1970-05-22,482,37,208,187,192,128,281
1970-05-29,553,32,205,103,173,96,314
1970-06-05,701,39,192,112,210,206,298
1970-06-12,676,30,198,134,134,181,258
1970-06-19,684,45,271,103,104,164,182
1970-06-26,637,41,145,99,166,293,186
1970-07-03,743,53,184,90,158,245,165
1970-07-10,767,70,137,136,134,275,167
1970-07-17,922,72,165,101,94,343,178
1970-07-24,959,58,116,114,80,378,155
1970-07-31,891,52,94,68,57,490,114
1970-08-07,988,52,119,85,48,359,109
1970-08-14,887,45,70,69,12,390,91
1970-08-21,792,32,57,47,10,241,66
1970-08-28,551,24,63,50,13,171,45
1970-09-04,358,35,38,17,7,89,35
1970-09-11,417,8,35,34,10,133,31
1970-09-18,301,15,27,13,4,74,16
1970-09-25,318,9,20,31,5,114,15
1970-10-02,373,13,28,22,4,97,13
1970-10-09,496,14,23,22,8,74,14
1970-10-16,529,18,24,19,9,101,8
1970-10-23,726,14,24,23,9,135,8
1970-10-30,566,10,35,23,7,126,6
1970-11-06,684,4,43,8,5,138,8
1970-11-13,761,19,33,5,9,169,7
1970-11-20,699,4,44,17,8,97,4
1970-11-27,741,15,44,17,6,147,0
1970-12-04,1019,12,24,23,7,127,3
1970-12-11,892,10,36,23,12,149,6
1970-12-18,1009,13,35,22,9,76,3
1970-12-25,869,8,28,18,7,109,1
1971-01-01,1202,26,37,22,2,158,0
1971-01-08,1091,19,39,23,2,172,2
1971-01-15,838,12,26,20,3,160,2
1971-01-22,454,4,16,15,0,67,0
1971-01-29,219,21,0,0,0,25,2
1971-02-05,346,14,6,1,3,50,0
1971-02-12,597,22,3,5,3,58,3
1971-02-19,609,33,3,0,0,43,0
1971-02-26,671,29,2,3,1,46,3
1971-03-05,796,34,0,2,13,146,1
1971-03-12,1250,32,36,5,4,411,4
1971-03-19,1403,29,41,5,14,296,1
1971-03-26,1016,51,7,25,5,152,8
1971-04-02,922,22,21,6,8,133,2
1971-04-09,558,27,17,22,8,61,4
1971-04-16,704,24,5,4,8,114,1
1971-04-23,781,32,21,15,10,62,7
1971-04-30,674,39,18,22,4,66,9
1971-05-07,478,11,15,4,3,92,2
1971-05-14,312,22,20,29,0,68,6
1971-05-21,430,20,15,28,1,100,2
1971-05-28,365,34,7,7,5,66,8
1971-06-04,304,15,NA,41,2,57,5
1971-06-11,379,33,23,30,3,72,4
1971-06-18,362,35,5,63,2,66,3
1971-06-25,399,33,5,47,4,42,5
1971-07-02,419,17,16,50,1,76,5
1971-07-09,344,39,14,39,1,48,7
1971-07-16,350,25,10,20,3,50,7
1971-07-23,248,38,5,53,2,45,17
1971-07-30,265,32,10,24,0,29,8
1971-08-06,248,29,11,31,5,24,14
1971-08-13,176,28,9,21,1,23,4
1971-08-20,138,13,14,16,2,23,10
1971-08-27,109,9,9,23,1,13,5
1971-09-03,80,7,5,7,0,3,1
1971-09-10,92,9,4,26,3,4,4
1971-09-17,59,3,6,11,0,17,2
1971-09-24,53,5,5,7,0,11,0
1971-10-01,35,8,5,10,0,8,1
1971-10-08,32,6,3,35,0,15,1
1971-10-15,50,4,3,28,0,11,2
1971-10-22,49,10,8,37,0,6,7
1971-10-29,78,3,5,17,0,15,1
1971-11-05,62,4,2,39,2,8,16
1971-11-12,99,6,2,66,2,14,14
1971-11-19,64,5,11,66,0,14,18
1971-11-26,94,4,2,30,0,11,23
1971-12-03,94,7,7,40,0,8,11
1971-12-10,125,3,12,37,0,10,18
1971-12-17,122,3,10,29,0,13,14
1971-12-24,139,6,10,31,0,13,15
1971-12-31,120,31,4,35,0,18,17
1972-01-07,152,24,6,46,0,14,22
1972-01-14,112,39,9,19,0,25,24
1972-01-21,83,6,15,35,0,28,13
1972-01-28,87,15,10,48,4,12,24
1972-02-04,98,21,13,28,6,25,25
1972-02-11,113,16,12,53,5,17,46
1972-02-18,133,15,15,30,2,14,38
1972-02-25,157,19,11,55,7,35,50
1972-03-03,186,20,25,45,1,43,62
1972-03-10,216,65,36,61,2,44,82
1972-03-17,191,48,48,105,0,56,79
1972-03-24,203,51,40,113,3,48,92
1972-03-31,192,62,64,78,8,43,99
1972-04-07,173,59,39,97,11,34,82
1972-04-14,213,58,81,63,12,50,147
1972-04-21,189,28,42,88,10,36,122
1972-04-28,154,36,31,67,4,26,109
1972-05-05,142,45,25,89,8,21,86
1972-05-12,195,48,59,118,7,47,94
1972-05-19,179,38,41,100,4,34,117
1972-05-26,197,56,86,143,13,30,121
1972-06-02,192,43,98,73,17,35,103
1972-06-09,266,56,80,115,16,48,105
1972-06-16,249,50,100,70,27,62,90
1972-06-23,271,27,90,66,19,56,58
1972-06-30,255,43,70,65,0,76,114
1972-07-07,328,29,111,48,34,83,103
1972-07-14,369,59,81,53,35,110,138
1972-07-21,400,45,131,60,33,100,96
1972-07-28,361,27,116,73,28,57,136
1972-08-04,376,29,133,73,13,52,109
1972-08-11,343,43,122,34,17,71,105
1972-08-18,262,34,124,43,12,98,72
1972-08-25,147,17,90,31,3,38,44
1972-09-01,121,9,70,13,13,21,30
1972-09-08,129,5,46,38,4,33,23
1972-09-15,111,9,34,11,5,24,15
1972-09-22,92,NA,35,2,5,24,9
1972-09-29,92,3,66,10,5,42,4
1972-10-06,130,20,53,11,8,21,7
1972-10-13,183,5,113,21,7,57,4
1972-10-20,207,6,142,19,14,60,6
1972-10-27,263,13,120,24,8,69,3
1972-11-03,298,11,157,16,9,61,3
1972-11-10,315,7,146,11,4,91,3
1972-11-17,334,6,146,18,3,52,6
1972-11-24,264,6,140,6,6,102,2
1972-12-01,332,2,127,8,6,77,11
1972-12-08,331,5,170,11,13,87,4
1972-12-15,318,3,158,5,10,107,14
1972-12-22,404,6,120,7,7,79,5
1972-12-29,262,7,99,14,29,69,0
1973-01-05,636,13,206,48,59,122,7
1973-01-12,573,2,113,18,38,86,11
1973-01-19,388,2,109,3,19,77,8
1973-01-26,392,5,75,6,26,70,15
1973-02-02,440,9,68,9,12,74,33
1973-02-09,577,4,71,11,51,89,25
1973-02-16,627,7,81,5,36,104,18
1973-02-23,711,8,80,11,41,112,25
1973-03-02,819,11,85,6,43,118,21
1973-03-09,782,10,90,10,34,135,20
1973-03-16,939,12,84,9,33,98,13
1973-03-23,1051,13,63,5,21,104,21
1973-03-30,967,9,74,11,35,62,29
1973-04-06,1063,4,53,3,43,67,9
1973-04-13,889,8,63,2,39,84,22
1973-04-20,823,7,37,2,21,57,5
1973-04-27,935,17,49,3,18,47,17
1973-05-04,862,11,52,6,11,59,24
1973-05-11,621,8,36,0,24,47,14
1973-05-18,508,2,57,3,14,47,17
1973-05-25,681,10,53,6,10,28,13
1973-06-01,560,5,39,5,7,24,7
1973-06-08,705,5,44,2,8,54,5
1973-06-15,555,13,29,2,14,55,10
1973-06-22,557,10,31,1,22,31,8
1973-06-29,509,10,27,2,14,50,6
1973-07-06,577,10,31,3,13,45,3
1973-07-13,447,4,24,1,24,58,9
1973-07-20,479,7,23,8,26,68,16
1973-07-27,396,3,22,8,22,44,12
1973-08-03,432,6,29,10,20,44,16
1973-08-10,427,3,28,7,19,34,16
1973-08-17,329,4,26,11,19,29,20
1973-08-24,213,2,22,7,1,23,15
1973-08-31,153,3,12,3,3,18,6
1973-09-07,123,3,4,2,2,17,7
1973-09-14,96,1,7,6,0,11,3
1973-09-21,67,1,9,3,0,14,4
1973-09-28,88,1,13,9,0,7,3
1973-10-05,93,1,8,10,0,15,4
1973-10-12,111,3,4,17,1,15,2
1973-10-19,109,3,4,9,2,10,12
1973-10-26,102,13,3,23,0,30,5
1973-11-02,132,0,6,17,3,19,18
1973-11-09,76,10,17,12,0,14,10
1973-11-16,155,7,5,14,0,8,35
1973-11-23,132,11,15,16,0,12,15
1973-11-30,115,16,1,14,0,15,10
1973-12-07,120,12,7,5,0,25,9
1973-12-14,118,16,9,1,2,7,5
1973-12-21,149,14,4,9,0,23,2
1973-12-28,76,8,3,5,0,10,6
1974-01-04,135,21,22,12,0,26,6
1974-01-11,140,29,23,15,0,23,13
1974-01-18,129,16,13,20,1,25,6
1974-01-25,117,4,10,24,0,24,11
1974-02-01,118,9,6,11,0,33,10
1974-02-08,131,22,6,29,1,33,15
1974-02-15,221,4,7,33,0,39,12
1974-02-22,233,13,7,23,0,35,20
1974-03-01,230,2,6,53,0,65,21
1974-03-08,247,9,0,40,0,45,11
1974-03-15,213,10,0,50,1,49,36
1974-03-22,291,12,11,58,0,59,29
1974-03-29,287,9,5,90,0,56,40
1974-04-05,269,14,25,64,16,76,67
1974-04-12,238,4,17,66,6,53,38
1974-04-19,249,15,12,68,5,86,65
1974-04-26,250,15,7,85,6,116,36
1974-05-03,263,28,14,110,8,75,33
1974-05-10,162,16,15,57,4,50,22
1974-05-17,164,11,6,79,3,90,20
1974-05-24,233,14,8,116,1,121,24
1974-05-31,180,3,8,101,0,71,36
1974-06-07,236,17,13,136,5,102,42
1974-06-14,209,9,8,114,2,129,33
1974-06-21,208,9,4,118,2,132,35
1974-06-28,201,8,30,94,1,87,43
1974-07-05,258,9,28,114,2,91,30
1974-07-12,213,8,22,111,0,138,42
1974-07-19,241,9,33,89,1,106,63
1974-07-26,240,8,30,99,5,96,123
1974-08-02,202,4,52,113,1,128,109
1974-08-09,153,14,39,99,7,78,107
1974-08-16,145,1,55,59,8,60,96
1974-08-23,103,4,26,50,10,36,62
1974-08-30,48,5,39,36,6,22,61
1974-09-06,72,4,32,26,1,24,38
1974-09-13,42,3,29,9,1,13,18
1974-09-20,53,2,32,7,1,15,31
1974-09-27,71,1,24,15,2,13,31
1974-10-04,94,6,76,5,1,13,18
1974-10-11,88,3,56,5,1,9,38
1974-10-18,106,2,117,6,3,23,72
1974-10-25,131,3,99,12,2,16,54
1974-11-01,140,3,125,6,5,18,56
1974-11-08,185,4,153,11,2,21,47
1974-11-15,127,5,146,3,6,7,31
1974-11-22,144,2,170,11,8,20,27
1974-11-29,117,2,165,9,3,13,23
1974-12-06,185,3,160,0,8,20,50
1974-12-13,154,2,165,1,8,10,53
1974-12-20,175,4,172,5,15,19,39
1974-12-27,111,2,99,7,1,10,26
1975-01-03,260,1,226,0,20,20,99
1975-01-10,348,6,239,7,18,11,95
1975-01-17,232,5,169,6,27,15,50
1975-01-24,258,2,117,5,16,12,22
1975-01-31,256,1,13,4,19,24,35
1975-02-07,310,4,94,9,24,20,30
1975-02-14,311,3,105,9,11,39,26
1975-02-21,419,8,92,4,24,53,57
1975-02-28,475,6,118,16,26,31,47
1975-03-07,397,20,118,13,43,47,69
1975-03-14,399,10,132,8,30,41,52
1975-03-21,514,21,75,8,28,66,53
1975-03-28,537,9,72,7,28,82,41
1975-04-04,372,13,68,14,38,90,50
1975-04-11,592,13,79,10,29,103,56
1975-04-18,468,3,59,23,48,103,53
1975-04-25,416,20,39,27,12,42,45
1975-05-02,357,11,70,14,28,70,29
1975-05-09,425,9,78,19,15,65,53
1975-05-16,561,7,50,18,33,80,42
1975-05-23,529,7,39,13,54,107,76
1975-05-30,593,3,66,10,38,103,46
1975-06-06,778,9,50,46,15,106,64
1975-06-13,617,9,66,15,20,122,38
1975-06-20,539,2,69,10,20,107,35
1975-06-27,555,6,64,21,39,60,49
1975-07-04,524,3,29,30,23,108,40
1975-07-11,563,5,47,15,17,96,63
1975-07-18,503,10,37,17,19,99,56
1975-07-25,477,9,35,23,17,129,84
1975-08-01,437,10,17,14,21,111,70
1975-08-08,380,10,20,11,26,108,78
1975-08-15,306,7,14,6,16,97,55
1975-08-22,194,4,12,3,10,58,34
1975-08-29,118,2,8,0,6,28,16
1975-09-05,109,7,6,5,23,29,10
1975-09-12,107,5,15,3,10,26,13
1975-09-19,56,2,3,1,2,19,16
1975-09-26,94,1,4,2,2,15,4
1975-10-03,75,0,4,2,8,23,2
1975-10-10,114,0,2,2,2,31,8
1975-10-17,95,2,5,2,2,42,1
1975-10-24,112,0,5,4,0,42,0
1975-10-31,106,1,7,5,0,76,4
1975-11-07,136,3,6,2,3,66,3
1975-11-14,115,0,9,5,2,61,6
1975-11-21,96,2,10,2,4,61,1
1975-11-28,88,2,6,4,1,55,3
1975-12-05,80,1,11,2,1,80,5
1975-12-12,111,0,5,6,0,41,1
1975-12-19,71,10,3,2,0,89,2
1975-12-26,52,0,3,3,0,64,4
1976-01-02,87,1,7,8,1,121,1
1976-01-09,124,2,11,7,6,129,0
1976-01-16,116,7,11,7,1,107,1
1976-01-23,59,4,9,4,4,82,4
1976-01-30,105,5,6,2,5,94,2
1976-02-06,89,5,12,3,0,80,1
1976-02-13,100,6,10,4,4,89,1
1976-02-20,134,21,6,2,2,100,5
1976-02-27,100,13,14,1,2,127,2
1976-03-05,102,16,8,1,2,99,0
1976-03-12,118,19,11,2,3,78,4
1976-03-19,130,8,11,6,7,103,1
1976-03-26,122,9,13,0,0,78,5
1976-04-02,135,21,10,1,4,83,5
1976-04-09,157,9,21,1,2,94,5
1976-04-16,158,18,9,1,6,76,1
1976-04-23,182,16,16,2,7,84,0
1976-04-30,212,28,10,5,4,112,9
1976-05-07,155,13,10,3,6,67,3
1976-05-14,196,17,18,5,5,59,2
1976-05-21,209,17,8,7,2,66,9
1976-05-28,197,16,14,9,4,73,10
1976-06-04,230,15,3,5,4,62,3
1976-06-11,182,14,5,8,5,56,5
1976-06-18,210,25,13,6,0,65,1
1976-06-25,164,7,9,5,2,20,4
1976-07-02,134,14,7,7,4,42,2
1976-07-09,133,17,11,6,3,42,1
1976-07-16,157,15,8,5,2,27,2
1976-07-23,78,12,16,19,12,47,2
1976-07-30,96,10,5,7,8,34,1
1976-08-06,75,10,11,10,4,26,15
1976-08-13,81,8,14,8,9,39,21
1976-08-20,52,15,7,7,2,15,21
1976-08-27,40,5,4,38,8,13,15
1976-09-03,31,2,10,4,1,5,9
1976-09-10,21,9,10,4,2,6,9
1976-09-17,24,5,6,3,4,1,5
1976-09-24,24,0,8,7,0,3,3
1976-10-01,35,5,30,10,7,6,2
1976-10-08,62,11,18,16,5,7,3
1976-10-15,50,13,30,13,4,6,1
1976-10-22,41,17,41,4,10,5,8
1976-10-29,48,8,35,11,5,3,3
1976-11-05,50,12,22,10,7,5,5
1976-11-12,37,6,35,11,7,5,3
1976-11-19,40,5,25,12,1,2,7
1976-11-26,51,18,48,10,3,4,4
1976-12-03,43,13,26,16,11,15,6
1976-12-10,81,17,63,19,5,19,6
1976-12-17,78,15,56,27,11,6,7
1976-12-24,133,13,55,38,13,5,4
1976-12-31,59,10,40,53,5,11,1
1977-01-07,106,12,84,70,4,16,1
1977-01-14,112,12,90,45,15,11,1
1977-01-21,76,20,80,50,9,4,1
1977-01-28,109,12,66,41,10,5,2
1977-02-04,145,11,81,50,19,11,1
1977-02-11,119,27,126,62,5,12,2
1977-02-18,163,17,133,60,13,6,10
1977-02-25,178,41,153,78,13,14,9
1977-03-04,233,33,176,71,26,9,12
1977-03-11,239,27,163,57,12,14,5
1977-03-18,277,26,129,97,25,10,8
1977-03-25,281,41,139,71,31,20,6
1977-04-01,338,31,124,55,23,24,5
1977-04-08,244,52,118,28,19,19,2
1977-04-15,318,13,90,60,16,38,7
1977-04-22,535,52,120,49,19,35,7
1977-04-29,379,23,96,64,16,30,6
1977-05-06,389,26,106,86,15,31,7
1977-05-13,357,29,86,52,20,43,6
1977-05-20,546,27,51,95,9,46,4
1977-05-27,514,27,83,47,7,79,7
1977-06-03,519,22,61,77,11,78,13
1977-06-10,382,40,37,25,29,59,10
1977-06-17,536,29,55,65,26,107,20
1977-06-24,621,46,80,44,29,100,24
1977-07-01,568,31,98,59,24,110,19
1977-07-08,777,52,50,53,12,110,68
1977-07-15,821,25,81,41,30,113,85
1977-07-22,729,20,66,31,13,128,113
1977-07-29,708,21,48,33,14,115,138
1977-08-05,748,13,64,44,15,144,177
1977-08-12,660,35,48,36,15,170,171
1977-08-19,488,24,27,17,32,103,122
1977-08-26,396,11,33,35,5,70,96
1977-09-02,253,8,22,8,14,66,51
1977-09-09,251,8,17,14,18,51,62
1977-09-16,161,13,16,9,15,27,40
1977-09-23,108,11,13,5,2,24,41
1977-09-30,152,5,4,5,3,30,52
1977-10-07,135,21,9,3,12,23,57
1977-10-14,182,14,5,8,15,39,53
1977-10-21,192,27,5,4,23,32,96
1977-10-28,245,13,3,4,13,49,101
1977-11-04,218,22,13,7,22,47,140
1977-11-11,232,19,6,7,15,66,133
1977-11-18,239,25,8,8,8,54,120
1977-11-25,250,10,9,8,19,56,134
1977-12-02,231,13,4,3,6,23,94
1977-12-09,281,3,3,7,18,40,91
1977-12-16,297,9,6,13,25,48,92
1977-12-23,360,4,4,14,11,33,98
1977-12-30,337,16,5,9,8,10,75
1978-01-06,405,9,3,9,20,145,137
1978-01-13,487,6,7,16,18,80,122
1978-01-20,372,11,6,10,14,75,65
1978-01-27,402,7,5,20,8,88,100
1978-02-03,342,2,29,8,12,89,90
1978-02-10,427,9,21,9,19,104,82
1978-02-17,402,9,29,2,20,95,106
1978-02-24,426,22,40,10,28,151,86
1978-03-03,517,11,27,15,26,78,80
1978-03-10,473,6,40,10,21,100,48
1978-03-17,517,9,27,17,16,112,99
1978-03-24,434,9,8,11,11,123,49
1978-03-31,435,3,0,18,29,147,62
1978-04-07,602,12,43,16,13,139,53
1978-04-14,469,5,32,11,18,167,26
1978-04-21,388,9,18,8,5,116,43
1978-04-28,382,12,55,13,9,105,26
1978-05-05,370,14,18,1,3,86,26
1978-05-12,473,15,44,10,7,97,26
1978-05-19,565,8,39,7,16,117,24
1978-05-26,419,16,48,21,4,98,31
1978-06-02,390,11,40,17,6,79,16
1978-06-09,393,31,56,15,2,76,14
1978-06-16,375,13,67,19,6,101,15
1978-06-23,261,14,59,8,6,60,10
1978-06-30,324,13,68,18,11,91,12
1978-07-07,294,16,70,15,0,84,12
1978-07-14,350,11,71,15,19,113,38
1978-07-21,308,17,63,7,3,87,25
1978-07-28,311,12,70,9,22,57,26
1978-08-04,277,18,33,15,21,55,20
1978-08-11,305,11,53,17,8,49,18
1978-08-18,217,5,51,5,9,40,12
1978-08-25,213,2,43,6,3,32,18
1978-09-01,89,2,17,3,5,13,6
1978-09-08,117,4,18,2,4,13,7
1978-09-15,77,1,18,8,4,15,4
1978-09-22,63,1,19,0,0,9,6
1978-09-29,82,2,12,6,0,15,4
1978-10-06,60,1,15,1,6,15,6
1978-10-13,77,5,16,9,0,15,3
1978-10-20,77,5,25,6,0,20,5
1978-10-27,83,7,28,5,1,14,5
1978-11-03,117,4,11,8,5,13,6
1978-11-10,121,6,22,11,1,12,5
1978-11-17,72,3,12,5,1,15,4
1978-11-24,122,4,17,9,0,6,7
1978-12-01,93,1,15,16,5,7,6
1978-12-08,86,5,2,16,5,3,4
1978-12-15,96,2,39,12,8,8,6
1978-12-22,85,8,24,15,13,12,1
1978-12-29,62,2,10,12,3,6,1
1979-01-05,109,8,18,15,3,6,10
1979-01-12,122,6,26,25,10,9,3
1979-01-19,71,4,13,15,12,12,5
1979-01-26,83,4,31,30,1,11,1
1979-02-02,83,3,23,17,2,11,2
1979-02-09,107,3,28,34,3,16,11
1979-02-16,103,6,28,35,5,8,2
1979-02-23,107,2,27,13,4,27,11
1979-03-02,121,2,25,32,4,9,7
1979-03-09,102,0,40,49,5,14,7
1979-03-16,135,2,36,53,0,16,5
1979-03-23,80,0,49,27,6,14,6
1979-03-30,91,1,49,38,5,13,7
1979-04-06,127,2,65,26,4,16,6
1979-04-13,99,2,41,56,6,13,10
1979-04-20,124,4,45,43,1,12,5
1979-04-27,180,0,71,31,5,16,19
1979-05-04,169,6,60,57,4,15,13
1979-05-11,132,2,29,29,7,14,6
1979-05-18,177,17,46,67,4,14,7
1979-05-25,153,6,80,47,4,15,7
1979-06-01,115,4,93,39,6,23,12
1979-06-08,144,5,85,65,4,18,11
1979-06-15,197,2,65,68,6,38,9
1979-06-22,209,2,70,38,4,27,12
1979-06-29,202,2,79,25,5,41,10
1979-07-06,160,4,81,22,7,31,10
1979-07-13,171,3,52,25,12,29,16
1979-07-20,220,7,75,32,8,63,16
1979-07-27,234,5,56,21,8,73,14
1979-08-03,219,3,56,17,11,61,18
1979-08-10,247,1,46,17,7,52,18
1979-08-17,220,6,24,21,8,58,10
1979-08-24,137,3,18,10,3,13,4
1979-08-31,103,3,19,8,3,33,7
1979-09-07,98,4,18,9,1,26,8
1979-09-14,81,2,15,9,2,11,3
1979-09-21,101,3,14,1,0,20,3
1979-09-28,77,0,18,6,7,21,10
1979-10-05,107,2,9,4,3,13,4
1979-10-12,111,1,4,3,4,27,11
1979-10-19,110,1,10,14,0,26,12
1979-10-26,129,6,20,6,6,27,0
1979-11-02,121,5,15,6,5,29,6
1979-11-09,139,2,6,7,2,41,10
1979-11-16,139,7,21,5,4,51,7
1979-11-23,192,7,18,4,14,74,9
1979-11-30,115,5,7,12,2,48,5
1979-12-07,161,2,7,3,6,74,5
1979-12-14,195,6,10,13,3,84,8
1979-12-21,133,4,4,4,6,91,14
1979-12-28,90,6,5,1,2,55,9
1980-01-04,231,33,15,7,27,170,13
1980-01-11,337,41,16,15,5,176,7
1980-01-18,197,11,13,1,8,95,13
1980-01-25,204,11,6,7,10,141,6
1980-02-01,217,41,8,6,11,129,6
1980-02-08,288,30,13,7,4,174,19
1980-02-15,359,42,8,9,18,239,16
1980-02-22,475,37,14,4,11,280,25
1980-02-29,392,53,10,7,12,238,8
1980-03-07,497,47,13,10,11,348,26
1980-03-14,476,34,14,6,16,228,11
1980-03-21,573,79,5,7,6,NA,27
1980-03-28,668,49,20,13,21,305,24
1980-04-04,488,69,9,11,13,209,19
1980-04-11,632,35,20,26,13,224,16
1980-04-18,628,73,12,19,24,250,22
1980-04-25,566,53,8,20,23,161,24
1980-05-02,501,48,12,20,17,138,24
1980-05-09,325,25,14,10,10,96,12
1980-05-16,547,88,18,8,10,106,27
1980-05-23,527,67,27,19,13,117,13
1980-05-30,518,49,22,8,12,73,22
1980-06-06,631,78,41,13,15,84,18
1980-06-13,461,62,30,17,9,77,17
1980-06-20,431,72,34,24,10,60,32
1980-06-27,407,52,31,7,9,44,39
1980-07-04,428,65,45,27,1,64,35
1980-07-11,404,47,69,20,3,103,63
1980-07-18,478,27,59,47,4,44,99
1980-07-25,452,41,62,29,18,42,79
1980-08-01,463,28,72,52,10,42,55
1980-08-08,410,42,73,46,19,41,63
1980-08-15,289,13,39,32,9,26,59
1980-08-22,202,9,35,34,6,13,34
1980-08-29,131,3,17,9,3,14,19
1980-09-05,103,6,20,13,10,15,28
1980-09-12,99,12,14,12,11,12,17
1980-09-19,82,2,6,5,5,8,12
1980-09-26,61,6,9,8,6,9,10
1980-10-03,89,4,14,5,7,9,27
1980-10-10,92,5,13,6,14,14,38
1980-10-17,90,3,14,14,10,5,20
1980-10-24,65,13,12,4,12,11,32
1980-10-31,87,17,14,8,10,9,29
1980-11-07,77,5,17,8,8,8,38
1980-11-14,74,2,9,1,11,9,36
1980-11-21,73,2,31,6,4,4,31
1980-11-28,68,4,9,9,8,11,39
1980-12-05,88,3,9,8,1,2,30
1980-12-12,45,1,12,7,6,8,25
1980-12-19,80,0,10,6,2,6,33
1980-12-26,32,1,7,9,4,5,41
1981-01-02,63,1,13,5,10,5,14
1981-01-09,108,0,24,9,7,4,69
1981-01-16,60,6,26,7,4,8,21
1981-01-23,46,3,12,5,12,2,26
1981-01-30,67,0,17,6,5,5,32
1981-02-06,54,3,10,6,10,4,26
1981-02-13,42,3,17,28,17,6,22
1981-02-20,68,2,10,21,12,3,27
1981-02-27,63,1,13,31,9,5,26
1981-03-06,65,2,20,13,12,3,29
1981-03-13,51,3,32,20,15,13,24
1981-03-20,61,1,21,11,6,12,32
1981-03-27,69,1,30,26,18,11,28
1981-04-03,66,2,34,21,12,8,19
1981-04-10,87,2,33,36,15,7,19
1981-04-17,48,4,30,28,8,6,20
1981-04-24,78,3,42,27,10,9,16
1981-05-01,65,2,71,21,15,19,18
1981-05-08,80,7,36,34,15,9,22
1981-05-15,83,3,46,39,11,11,21
1981-05-22,55,6,34,40,14,13,19
1981-05-29,86,3,47,39,9,8,16
1981-06-05,75,2,52,41,4,8,17
1981-06-12,93,4,49,24,8,10,11
1981-06-19,94,1,37,17,4,16,16
1981-06-26,68,3,41,22,6,14,15
1981-07-03,85,2,26,10,4,23,17
1981-07-10,103,1,35,30,8,15,13
1981-07-17,99,2,23,23,8,19,13
1981-07-24,123,1,50,26,8,31,17
1981-07-31,84,2,37,17,8,9,10
1981-08-07,127,5,40,26,15,14,10
1981-08-14,93,6,24,47,12,17,9
1981-08-21,88,5,13,23,2,27,12
1981-08-28,68,1,13,10,11,11,6
1981-09-04,54,4,9,5,10,6,8
1981-09-11,53,1,7,8,0,13,8
1981-09-18,31,0,4,12,6,14,4
1981-09-25,37,0,9,9,6,22,2
1981-10-02,33,3,7,14,3,12,2
1981-10-09,30,0,12,12,4,11,0
1981-10-16,47,1,7,8,4,27,6
1981-10-23,50,2,10,1,5,19,5
1981-10-30,41,2,18,6,9,35,6
1981-11-06,49,0,9,3,7,29,3
1981-11-13,56,0,11,10,16,30,5
1981-11-20,54,0,26,6,5,19,3
1981-11-27,66,1,12,14,5,30,6
1981-12-04,71,0,17,4,5,22,6
1981-12-11,57,0,8,9,0,34,3
1981-12-18,55,1,11,9,3,38,6
1981-12-25,58,0,9,1,1,20,2
1982-01-01,56,1,11,1,1,25,7
1982-01-08,120,0,33,7,5,49,2
1982-01-15,111,1,19,9,3,33,8
1982-01-22,117,1,6,4,7,46,4
1982-01-29,131,0,14,5,5,52,2
1982-02-05,156,2,13,8,3,53,4
1982-02-12,212,5,10,4,4,54,4
1982-02-19,238,3,8,6,5,83,1
1982-02-26,290,0,10,5,0,63,7
1982-03-05,312,0,15,8,7,85,2
1982-03-12,261,2,8,16,10,82,6
1982-03-19,309,1,3,12,6,143,5
1982-03-26,341,0,10,19,16,109,2
1982-04-02,370,2,17,15,16,130,5
1982-04-09,341,1,12,15,3,97,6
1982-04-16,441,3,14,6,4,116,6
1982-04-23,507,6,13,4,27,108,6
1982-04-30,506,16,9,19,12,88,7
1982-05-07,326,15,7,8,4,55,2
1982-05-14,405,8,9,5,8,92,6
1982-05-21,367,12,7,2,8,81,1
1982-05-28,395,8,7,7,22,68,8
1982-06-04,376,1,5,5,13,63,6
1982-06-11,393,14,9,7,43,94,20
1982-06-18,407,21,26,7,22,77,14
1982-06-25,273,10,23,18,12,58,8
1982-07-02,303,10,12,7,24,68,11
1982-07-09,323,22,16,17,21,78,26
1982-07-16,358,18,16,6,7,75,41
1982-07-23,355,7,24,21,17,66,33
1982-07-30,313,43,17,27,26,63,40
1982-08-06,251,29,15,24,16,45,31
1982-08-13,263,28,19,17,16,56,43
1982-08-20,202,29,10,10,9,43,34
1982-08-27,138,24,7,14,2,19,34
1982-09-03,97,15,15,5,6,21,11
1982-09-10,162,13,7,14,6,10,25
1982-09-17,85,15,3,14,0,18,18
1982-09-24,80,12,5,10,2,7,13
1982-10-01,85,25,10,10,0,13,15
1982-10-08,68,21,0,4,0,8,14
1982-10-15,54,15,4,6,9,16,9
1982-10-22,85,6,6,4,5,15,13
1982-10-29,104,26,6,6,0,15,20
1982-11-05,76,31,6,8,4,20,26
1982-11-12,59,22,7,10,3,18,14
1982-11-19,97,22,6,10,6,20,30
1982-11-26,94,35,12,13,12,14,39
1982-12-03,123,14,6,16,11,16,22
1982-12-10,113,28,10,15,18,14,37
1982-12-17,101,24,9,8,7,17,27
1982-12-24,125,36,15,10,20,19,27
1982-12-31,88,15,3,28,4,7,24
1983-01-07,175,23,12,45,30,22,35
1983-01-14,185,21,13,30,17,18,42
1983-01-21,153,27,16,15,21,18,59
1983-01-28,181,9,10,34,21,16,37
1983-02-04,196,16,15,6,15,14,47
1983-02-11,223,13,19,25,18,23,56
1983-02-18,210,8,14,19,12,22,69
1983-02-25,200,13,13,24,27,37,66
1983-03-04,272,13,24,34,23,15,104
1983-03-11,292,14,24,34,36,24,90
1983-03-18,249,30,45,71,23,22,74
1983-03-25,264,19,25,44,33,20,76
1983-04-01,223,32,52,29,9,11,32
1983-04-08,294,28,27,31,22,32,60
1983-04-15,365,41,72,76,20,35,63
1983-04-22,311,28,35,50,11,31,38
1983-04-29,250,25,38,46,12,34,37
1983-05-06,276,42,44,16,9,16,34
1983-05-13,333,37,47,45,12,48,56
1983-05-20,365,48,59,39,15,38,51
1983-05-27,287,34,57,45,9,44,42
1983-06-03,272,41,42,29,5,30,24
1983-06-10,403,26,56,67,15,55,27
1983-06-17,342,38,41,40,18,57,42
1983-06-24,284,26,61,46,17,39,21
1983-07-01,217,18,51,44,14,38,36
1983-07-08,215,9,34,33,10,55,44
1983-07-15,253,15,65,41,9,34,57
1983-07-22,299,8,52,45,7,58,52
1983-07-29,241,4,35,55,8,22,23
1983-08-05,154,4,23,34,3,37,17
1983-08-12,115,7,26,23,10,27,33
1983-08-19,113,4,11,33,7,32,12
1983-08-26,87,2,7,17,8,28,16
1983-09-02,56,6,8,3,4,12,3
1983-09-09,43,6,26,4,3,23,0
1983-09-16,40,1,2,4,4,20,2
1983-09-23,39,0,11,16,3,9,4
1983-09-30,49,4,6,7,3,15,6
1983-10-07,42,4,10,11,1,20,2
1983-10-14,30,3,9,3,3,23,3
1983-10-21,40,2,9,6,1,23,0
1983-10-28,33,4,6,4,4,29,5
1983-11-04,29,5,4,16,5,18,2
1983-11-11,39,1,14,8,8,30,2
1983-11-18,31,0,11,5,3,34,1
1983-11-25,40,3,14,1,2,28,2
1983-12-02,56,2,10,13,3,28,2
1983-12-09,51,2,4,4,2,51,1
1983-12-16,25,1,5,9,3,40,2
1983-12-23,45,1,10,4,3,71,11
1983-12-30,38,0,4,7,6,33,7
1984-01-06,94,1,9,4,6,49,6
1984-01-13,83,2,9,14,3,75,9
1984-01-20,50,3,11,11,2,47,15
1984-01-27,46,3,6,3,3,34,11
1984-02-03,68,1,10,8,4,40,19
1984-02-10,87,8,12,1,0,67,16
1984-02-17,84,13,20,10,1,54,24
1984-02-24,65,5,11,16,8,101,12
1984-03-02,74,5,11,30,4,71,24
1984-03-09,68,7,28,10,3,76,17
1984-03-16,86,1,8,21,2,60,18
1984-03-23,54,2,18,24,1,88,11
1984-03-30,81,8,21,9,1,75,15
1984-04-06,82,8,29,24,3,74,23
1984-04-13,68,4,21,23,1,82,15
1984-04-20,42,3,7,15,3,42,13
1984-04-27,47,4,25,12,2,52,10
1984-05-04,61,5,20,34,2,79,9
1984-05-11,39,0,18,13,1,38,13
1984-05-18,52,2,14,15,6,77,13
1984-05-25,99,7,21,27,0,62,22
1984-06-01,65,1,9,12,2,73,10
1984-06-08,109,6,20,24,3,48,20
1984-06-15,127,4,24,34,1,98,29
1984-06-22,106,1,22,18,4,40,16
1984-06-29,114,8,18,17,3,42,6
1984-07-06,152,2,20,20,2,27,9
1984-07-13,138,3,18,20,1,42,3
1984-07-20,154,2,20,36,1,43,17
1984-07-27,175,2,15,13,1,25,14
1984-08-03,176,1,25,21,0,20,7
1984-08-10,172,2,24,12,2,26,2
1984-08-17,130,1,15,30,2,13,5
1984-08-24,109,0,19,16,3,44,14
1984-08-31,61,2,4,7,3,15,3
1984-09-07,60,0,12,10,4,13,1
1984-09-14,55,1,13,3,1,2,3
1984-09-21,35,0,8,5,1,6,6
1984-09-28,51,0,9,5,2,6,3
1984-10-05,62,3,12,3,4,1,3
1984-10-12,89,2,19,4,7,18,1
1984-10-19,75,1,12,5,4,10,1
1984-10-26,51,1,18,6,8,10,5
1984-11-02,78,2,26,3,9,6,3
1984-11-09,116,0,34,16,2,7,0
1984-11-16,67,1,30,14,15,9,6
1984-11-23,73,0,29,2,7,9,3
1984-11-30,81,0,19,9,15,3,0
1984-12-07,94,0,29,12,14,8,2
1984-12-14,71,1,18,27,10,11,6
1984-12-21,71,3,17,33,12,12,4
1984-12-28,39,2,21,13,8,7,3
1985-01-04,128,1,23,15,27,9,11
1985-01-11,193,1,41,27,15,4,20
1985-01-18,120,1,26,17,27,11,5
1985-01-25,133,0,28,6,12,11,3
1985-02-01,151,0,39,11,6,13,5
1985-02-08,208,1,39,22,23,15,20
1985-02-15,211,5,48,25,11,11,16
1985-02-22,257,4,47,29,3,12,17
1985-03-01,276,1,54,16,17,20,22
1985-03-08,285,7,25,17,9,14,23
1985-03-15,252,12,52,21,9,7,16
1985-03-22,287,5,54,13,7,11,15
1985-03-29,316,12,50,23,8,16,8
1985-04-05,291,9,49,9,1,14,30
1985-04-12,318,3,39,10,21,19,20
1985-04-19,458,13,68,13,15,16,32
1985-04-26,354,12,48,11,27,23,19
1985-05-03,314,23,43,10,14,17,30
1985-05-10,280,8,25,7,5,10,28
1985-05-17,367,5,56,19,8,32,38
1985-05-24,445,7,52,20,8,24,51
1985-05-31,409,5,34,20,8,19,54
1985-06-07,506,11,46,18,15,16,56
1985-06-14,455,3,49,19,2,33,42
1985-06-21,367,14,35,22,6,26,32
1985-06-28,472,16,39,19,10,18,36
1985-07-05,514,18,24,19,20,37,38
1985-07-12,495,24,35,21,15,42,21
1985-07-19,500,15,45,29,2,48,49
1985-07-26,412,27,40,37,13,39,47
1985-08-02,415,42,25,27,6,47,47
1985-08-09,367,31,32,22,11,28,41
1985-08-16,355,30,22,18,5,27,37
1985-08-23,283,19,13,31,14,26,42
1985-08-30,155,6,9,18,2,25,13
1985-09-06,177,11,8,22,5,20,34
1985-09-13,125,2,8,19,4,25,11
1985-09-20,94,2,5,10,6,17,11
1985-09-27,103,2,6,5,2,42,8
1985-10-04,114,3,5,16,6,36,6
1985-10-11,118,4,7,12,3,54,8
1985-10-18,92,4,7,8,8,75,20
1985-10-25,121,3,4,10,10,66,5
1985-11-01,102,1,7,4,2,57,12
1985-11-08,105,4,4,13,8,75,13
1985-11-15,79,1,3,3,3,80,9
1985-11-22,76,5,0,6,2,46,9
1985-11-29,89,6,4,10,1,69,10
1985-12-06,56,3,11,13,1,72,19
1985-12-13,77,4,1,5,3,67,10
1985-12-20,87,4,2,14,2,54,11
1985-12-27,38,1,3,10,0,0,13
1986-01-03,144,7,7,22,2,116,19
1986-01-10,165,8,9,38,1,106,23
1986-01-17,103,6,7,22,6,90,12
1986-01-24,94,3,3,32,3,89,17
1986-01-31,91,5,10,29,3,73,6
1986-02-07,124,9,8,25,4,101,10
1986-02-14,132,9,6,37,5,142,10
1986-02-21,119,9,15,28,6,89,10
1986-02-28,137,27,13,30,15,110,14
1986-03-07,110,9,12,23,11,89,8
1986-03-14,145,11,20,20,11,110,7
1986-03-21,172,22,18,31,16,96,23
1986-03-28,163,2,14,25,10,71,6
1986-04-04,178,4,5,38,24,56,24
1986-04-11,209,7,8,50,22,71,25
1986-04-18,183,18,24,61,14,38,30
1986-04-25,153,8,17,34,20,55,15
1986-05-02,144,7,7,39,10,45,33
1986-05-09,131,11,10,24,1,46,10
1986-05-16,134,33,6,33,4,67,23
1986-05-23,178,31,18,91,10,45,24
1986-05-30,136,15,2,44,3,37,13
1986-06-06,139,9,11,50,3,43,6
1986-06-13,182,34,13,56,7,32,40
1986-06-20,120,19,6,47,5,42,9
1986-06-27,116,23,11,18,3,40,20
1986-07-04,114,15,13,28,1,36,21
1986-07-11,110,27,9,25,3,28,9
1986-07-18,109,15,7,7,0,21,18
1986-07-25,77,25,9,22,1,18,8
1986-08-01,86,6,14,22,1,28,15
1986-08-08,91,10,5,21,1,24,9
1986-08-15,64,14,8,15,1,22,22
1986-08-22,54,4,10,18,3,22,14
1986-08-29,31,7,3,7,1,14,10
1986-09-05,52,5,7,7,0,6,11
1986-09-12,43,0,3,4,1,13,10
1986-09-19,43,2,6,2,2,7,10
1986-09-26,36,4,4,10,1,12,11
1986-10-03,30,2,4,8,1,8,5
1986-10-10,45,2,10,8,0,10,9
1986-10-17,35,3,6,3,1,17,7
1986-10-24,50,1,2,6,2,12,6
1986-10-31,58,2,1,7,1,9,4
1986-11-07,63,3,7,6,1,14,4
1986-11-14,39,1,8,1,1,19,5
1986-11-21,53,9,3,6,2,9,7
1986-11-28,61,2,2,2,1,12,7
1986-12-05,56,0,9,4,3,25,8
1986-12-12,44,4,9,2,4,18,1
1986-12-19,48,2,4,7,1,18,4
1986-12-26,33,0,5,0,0,0,4
1987-01-02,35,1,9,2,0,41,5
1987-01-09,87,3,23,10,2,25,8
1987-01-16,76,1,7,3,0,11,5
1987-01-23,73,1,6,3,1,12,6
1987-01-30,74,2,10,7,0,21,5
1987-02-06,80,4,13,0,1,13,3
1987-02-13,73,5,5,1,2,13,3
1987-02-20,77,0,6,7,2,19,10
1987-02-27,81,6,12,6,1,11,3
1987-03-06,73,5,8,2,2,23,4
1987-03-13,81,5,13,1,1,13,3
1987-03-20,77,4,7,5,0,15,4
1987-03-27,96,2,9,6,2,16,6
1987-04-03,141,3,6,3,2,15,4
1987-04-10,116,12,18,6,6,18,12
1987-04-17,162,9,10,5,5,16,9
1987-04-24,108,6,12,5,2,17,9
1987-05-01,121,8,15,7,1,14,17
1987-05-08,67,7,9,4,1,12,16
1987-05-15,106,7,9,8,0,13,9
1987-05-22,70,14,8,3,3,19,9
1987-05-29,80,4,10,5,0,11,7
1987-06-05,128,7,15,3,1,28,7
1987-06-12,71,16,19,10,1,19,8
1987-06-19,109,5,12,2,7,19,4
1987-06-26,91,8,6,9,7,11,5
1987-07-03,103,16,7,11,4,24,14
1987-07-10,125,6,11,2,9,29,6
1987-07-17,86,10,12,8,16,39,5
1987-07-24,89,3,12,4,11,36,4
1987-07-31,83,9,19,4,6,22,5
1987-08-07,76,5,11,2,7,24,16
1987-08-14,91,6,16,5,4,27,6
1987-08-21,68,6,9,6,9,42,2
1987-08-28,41,1,12,5,13,26,5
1987-09-04,42,4,6,4,1,21,3
1987-09-11,43,6,9,2,0,25,1
1987-09-18,41,6,2,0,7,19,0
1987-09-25,55,2,0,3,0,22,3
1987-10-02,53,1,7,4,1,26,4
1987-10-09,44,11,1,1,0,33,1
1987-10-16,34,2,4,5,2,43,5
1987-10-23,45,3,8,5,4,50,3
1987-10-30,68,4,2,12,8,57,5
1987-11-06,52,9,3,10,4,50,1
1987-11-13,53,9,11,16,1,70,0
1987-11-20,77,10,13,4,1,65,3
1987-11-27,84,5,25,13,3,60,1
1987-12-04,82,16,7,9,4,53,5
1987-12-11,95,26,12,14,0,68,2
