Year;Temp;Locus;War;Epidemics;Precip;Flood;witch_trial_frequency
1500;-1.5147;0;0;0;188.19;0;0
1501;-0.5041;0;0;0;200.36;1;0
1502;-0.6485;0;0;0;155.51;0;0
1503;0.0624;0;0;0;94.76;0;0
1504;0.5257;0;0;0;91.48;1;0
1505;0.0734;0;0;0;161.87;1;0
1506;0.9397;0;0;0;167.85;0;0
1507;-0.2153;0;0;1;223.93;0;0
1508;-1.3703;0;0;0;204.32;0;0
1509;-0.0709;0;0;0;216.55;0;0
1510;-0.9372;0;0;0;196.9;0;0
1511;-1.3703;0;0;0;231.94;1;0
1512;-0.5041;0;0;0;218.87;0;1
1513;-2.381;0;0;0;215.59;0;0
1514;-1.5147;0;0;0;204.18;0;0
1515;-0.5041;0;0;0;227.18;1;0
1516;0.0734;0;0;0;210.71;0;0
1517;-0.6485;0;0;0;166.73;0;0
1518;-0.7928;0;0;0;173.13;0;0
1519;-0.2153;0;0;0;175.49;0;0
1520;-0.2153;0;0;1;158.45;0;0
1521;0.6509;0;0;1;228.37;1;0
1522;-0.6485;0;0;0;207.51;0;0
1523;0.2178;0;0;0;164.65;1;1
1524;-0.5041;0;0;0;217.31;0;0
1525;-0.0709;0;0;0;158.51;0;0
1526;-0.9372;0;0;0;224.92;0;0
1527;-0.7666;0;0;0;220.27;0;0
1528;-0.2153;0;0;0;251.39;1;0
1529;-1.2771;0;0;0;254.33;0;0
1530;0.524;0;0;1;188.27;0;0
1531;-0.2323;0;0;1;252.38;1;0
1532;0.1838;0;0;0;151.8;0;0
1533;-0.3415;0;0;0;244.17;1;0
1534;0.0169;0;0;0;183.54;0;0
1535;-0.2153;0;0;0;203.08;0;0
1536;1.1506;0;0;0;169.88;0;0
1537;0.0514;0;0;0;243.25;1;0
1538;-0.0709;0;0;0;145.8;0;1
1539;-0.3691;0;0;0;249.67;1;0
1540;2.3366;0;0;0;189.9;0;1
1541;-1.0816;0;0;0;177.75;0;2
1542;-1.8379;1;0;1;212.27;0;0
1543;-1.5147;1;0;0;179.96;0;1
1544;-1.3703;1;0;0;196.29;1;3
1545;0.9458;1;0;0;252.18;1;1
1546;-0.8943;1;1;0;194.13;0;6
1547;-0.0709;0;1;0;162.03;0;1
1548;0.0734;0;0;0;178.6;0;0
1549;-0.3597;1;0;0;202.57;0;0
1550;-1.0887;0;0;0;188.13;0;2
1551;-0.8668;0;0;0;177.66;0;0
1552;0.4361;0;0;0;163.78;0;1
1553;-0.3414;0;0;0;228.38;0;0
1554;-0.4053;0;0;1;157.27;1;1
1555;-0.8093;0;0;0;215.58;0;1
1556;-0.0016;0;0;0;160.64;0;0
1557;-0.025;0;0;0;168.41;0;0
1558;0.5439;0;0;0;184.84;0;1
1559;0.5317;0;0;0;188.59;0;0
1560;-0.7581;0;0;0;239.86;1;0
1561;-0.3774;0;0;0;222;0;0
1562;0.2436;0;0;1;282.87;0;0
1563;-0.8739;0;0;0;257.08;1;0
1564;-0.9104;0;0;0;196.22;1;4
1565;-0.9879;0;0;0;227.72;1;0
1566;-0.2126;0;0;0;196.25;1;4
1567;0.7983;0;0;0;144.02;1;1
1568;-1.6338;0;0;1;198.91;1;1
1569;-1.8307;1;0;0;162.19;1;2
1570;-1.2652;0;0;0;214.59;1;0
1571;-0.6148;0;0;1;173.33;0;16
1572;-1.0457;0;0;1;166.38;1;5
1573;-2.4967;0;0;1;208.37;1;3
1574;-0.121;0;0;0;186.19;0;3
1575;-0.5558;0;0;0;221.63;1;3
1576;-0.9642;0;0;0;196.11;0;17
1577;-0.6081;0;0;0;219.47;0;1
1578;-0.6922;1;0;0;224.42;0;0
1579;-1.6959;0;0;0;239.84;1;2
1580;-0.3754;0;0;0;231.47;0;1
1581;-0.0888;0;0;1;245.94;1;2
1582;-0.438;0;0;1;242.26;1;1
1583;0.3008;0;0;0;197.23;0;0
1584;0.1802;0;0;1;231.73;0;1
1585;-0.8792;0;0;1;242.61;0;0
1586;-1.4312;0;0;0;252.02;0;0
1587;-2.2037;0;0;0;208.63;1;1
1588;-1.5056;0;0;0;187.76;1;1
1589;-1.2309;0;0;0;233.97;0;5
1590;0.358;0;0;0;168.94;0;0
1591;-0.5461;0;0;0;186.25;1;7
1592;-0.7386;0;0;0;225.95;1;1
1593;-1.4909;0;0;0;239.7;1;0
1594;-2.0861;0;0;0;253.83;0;1
1595;-1.7881;0;0;0;178.61;1;1
1596;-0.061;0;0;0;205.67;0;14
1597;-1.9787;0;0;1;223.05;0;2
1598;-0.9703;0;0;1;227.73;1;2
1599;0.3195;0;0;1;181.96;0;1
1600;-2.5589;0;0;0;221.42;0;1
1601;-2.3151;0;0;0;180.4;1;0
1602;0.0875;0;0;0;158.91;0;1
1603;1.0286;0;0;0;137.57;0;2
1604;-0.081;0;0;0;172.65;1;2
1605;0.4755;0;0;0;215.64;0;2
1606;-0.7129;0;0;0;248.06;0;5
1607;0.3988;0;0;0;286.99;0;5
1608;-1.9885;0;0;0;247.45;0;0
1609;-0.2747;0;0;0;260.89;0;2
1610;0.1749;0;0;0;210.85;0;7
1611;0.1241;0;1;0;219.59;0;4
1612;-0.3079;0;0;0;219.97;0;0
1613;-0.5509;0;0;0;277.99;1;0
1614;-1.6603;0;0;0;244.25;0;1
1615;-0.1539;0;0;0;188.17;1;3
1616;0.594;0;0;0;158.3;0;4
1617;0.304;0;1;0;218.3;1;1
1618;-1.2769;0;1;0;211.69;1;0
1619;-0.5571;0;1;0;154.44;0;2
1620;-0.3597;0;1;0;188.88;0;0
1621;-1.6495;0;1;0;163.19;0;0
1622;-0.8211;0;1;0;208.65;0;0
1623;-0.0774;0;1;0;211.29;0;0
1624;0.1897;1;1;1;181.94;1;1
1625;-0.3501;0;1;1;251.88;1;1
1626;0.5899;0;1;1;210.11;0;0
1627;-2.4383;0;1;0;289.4;0;1
1628;-1.2107;0;1;0;257.5;0;0
1629;0.6521;0;1;0;235.11;1;3
1630;0.0368;0;1;0;221.43;0;3
1631;0.2418;0;1;1;190.16;0;1
1632;-1.0258;0;1;1;235.47;0;0
1633;-0.7616;0;1;1;209.35;0;1
1634;-0.4962;0;1;1;169.97;0;0
1635;-1.2244;0;1;1;152.45;0;7
1636;-0.1751;0;1;0;130.22;0;0
1637;-0.2356;0;1;0;191.96;0;2
1638;0.5632;0;1;0;229.18;0;2
1639;-0.8313;0;1;1;230.39;0;0
1640;-1.7193;0;1;1;260.35;0;0
1641;-1.6656;0;1;0;218.12;0;0
1642;-0.219;0;1;0;220.85;0;0
1643;-0.8268;0;1;0;222.33;0;0
1644;0.0325;0;1;0;216.27;0;16
1645;0.1492;0;1;0;192.61;0;0
1646;0.2338;0;1;0;186.38;1;0
1647;0.396;0;1;0;196.15;1;0
1648;-1.1662;0;1;1;247.7;1;1
1649;-1.28;0;0;1;212.99;0;0
1650;0.072;0;0;0;192.49;0;1
1651;-0.4727;0;0;0;175.15;1;2
1652;0.1787;0;0;0;178.97;0;1
1653;-0.1653;0;0;0;164.07;0;0
1654;-0.4341;0;0;0;225.42;0;0
1655;-0.3342;0;0;0;266;1;0
1656;-0.9318;0;0;0;230.56;1;0
1657;-0.7249;0;0;0;205.2;0;0
1658;-1.7466;0;0;0;213.62;0;0
1659;-0.6408;0;0;0;160.5;0;3
1660;-0.5026;0;0;0;222.49;0;0
1661;1.2207;1;0;0;235.73;0;3
1662;-0.0479;0;0;0;204.86;0;0
1663;-1.4653;0;0;0;249.17;1;0
1664;-0.7231;0;0;0;248.99;0;0
1665;-1.4621;0;0;0;185.23;0;0
1666;0.1205;0;0;0;168.51;0;0
1667;-0.9791;0;0;0;130.06;0;5
1668;0.0958;0;0;0;176.85;1;0
1669;0.5598;0;0;0;160.13;0;0
1670;-0.4879;0;0;0;164.82;1;0
1671;0.9289;0;0;0;220.81;0;0
1672;-0.8471;0;0;0;172.75;0;1
1673;-0.5129;0;0;0;299.98;0;0
1674;-1.145;1;0;0;232.45;0;0
1675;-1.5557;1;0;0;237.67;1;1
1676;-0.802;0;0;0;179.72;0;1
1677;-1.2474;0;0;0;238.16;0;1
1678;0.5188;0;0;0;214.1;0;0
1679;-1.4787;0;0;1;213.26;0;0
1680;0.8251;0;1;1;232.59;0;0
1681;-0.4895;0;0;0;160.27;0;0
1682;-0.015;0;0;0;217.63;1;1
1683;-0.4225;0;0;0;219.02;0;0
1684;-0.7511;0;0;0;163.23;0;0
1685;-1.6034;0;0;0;159.64;0;0
1686;0.8084;1;0;0;207.63;0;0
1687;-0.773;0;0;0;245.98;0;0
1688;-1.6618;0;0;0;285.76;0;0
1689;-1.2609;0;0;0;249.08;0;0
1690;-0.7726;0;0;0;234.88;0;0
1691;-2.0001;0;0;0;225.9;0;0
1692;-2.4951;1;0;0;201.88;0;1
1693;-0.8053;1;0;0;188.95;0;0
1694;-1.6566;1;0;0;150.79;0;0
1695;-2.4895;0;0;0;124.35;0;0
1696;-0.5861;1;0;0;182.15;0;0
1697;-1.7548;0;0;0;207.61;0;1
1698;-1.9761;1;0;0;221.57;1;1
1699;-0.652;0;0;0;206.83;0;1
1700;-0.7639;0;0;0;222.37;0;2
1701;-0.77;0;0;0;232.83;0;1
1702;-0.1928;0;0;0;226.74;0;0
1703;-1.0686;0;0;0;240.73;0;0
1704;-0.3448;1;0;0;230.42;0;0
1705;-0.4465;0;0;0;173.06;0;2
1706;0.8203;0;0;0;193.96;0;0
1707;0.3222;0;0;0;176.84;0;0
1708;-0.4835;0;0;0;168.5;0;0
1709;-1.4232;0;0;0;152.44;0;0
1710;0.5423;0;0;0;171.74;0;0
1711;0.4966;0;0;0;178.78;0;0
1712;-0.8183;1;0;0;269.09;1;1
1713;-1.1683;0;0;1;286.36;0;0
1714;-1.7741;0;0;1;221.19;1;0
1715;0.2516;0;0;1;230.99;0;0
1716;-2.089;0;0;0;219.23;0;1
1717;-0.6371;0;0;0;210.88;1;0
1718;0.5278;0;0;0;175.86;0;0
1719;0.5776;0;0;0;148.49;0;0
1720;-0.89;0;0;0;221.43;0;0
1721;-0.9266;0;0;0;226.67;0;0
1722;0.3623;0;0;0;230.64;0;0
1723;0.7849;0;0;0;197.22;0;0
1724;0.8358;0;0;0;269.81;0;0
1725;-1.1261;0;0;0;319.38;0;0
1726;-0.0602;0;0;0;281.35;1;2
1727;1.1257;1;0;0;337.21;0;0
1728;0.89;1;0;0;255.86;0;1
1729;-0.8351;0;0;0;235.19;0;0
1730;-0.6531;0;0;0;223.36;0;2
1731;-0.8316;0;0;0;157.49;0;0
1732;-0.6093;0;0;0;192.3;0;2
1733;-0.4403;0;0;0;250.03;0;0
1734;-0.2152;0;0;0;303.22;1;0
1735;-0.0447;0;0;0;293.48;0;0
1736;0.2649;0;0;0;241.55;1;0
1737;-0.424;0;0;0;316.67;0;0
1738;-0.8604;0;0;0;309.12;0;1
1739;-1.2112;0;0;0;282.32;0;2
1740;-2.9427;0;1;0;278.82;1;2
1741;-0.8663;0;1;0;191.16;1;0
1742;-1.4384;0;1;0;182.9;0;0
1743;-0.2819;0;1;0;146.71;0;0
1744;-0.869;0;1;0;123.72;0;0
1745;-0.2479;0;1;0;195.53;1;0
1746;0.0317;0;1;0;262.47;1;3
1747;0.6154;0;1;0;253.36;1;1
1748;-0.2865;1;1;0;211.57;1;1
1749;-0.0308;1;0;0;243.39;0;0
1750;0.1622;0;0;0;230.05;1;0
1751;-1.1576;0;0;0;231.55;0;1
1752;-0.2989;0;0;0;225.78;1;0
1753;-0.2341;0;0;0;171.15;1;0
1754;-0.3722;0;0;0;264.82;1;0
1755;-0.9031;0;0;0;226.2;1;2
1756;-0.6443;0;1;0;250.04;1;0
1757;-1.0372;0;1;0;197.25;1;0
1758;-1.2194;0;1;0;143.89;0;0
1759;-0.455;0;1;0;148.56;0;0
1760;-0.459;0;1;0;150.26;1;0
1761;-0.798;0;1;0;239.35;0;0
1762;-1.088;1;1;0;192.99;0;0
1763;-1.282;1;1;0;275.9;0;0
1764;-0.798;0;0;0;230.16;0;0
1765;-0.992;0;0;0;194.67;0;1
1766;-1.379;0;0;0;262.08;0;0
1767;-1.04;0;0;0;254.04;0;0
1768;-1.127;0;0;0;260.06;0;0
1769;-0.501;0;0;0;249.45;1;0
1770;-0.961;0;0;0;261.59;1;0
1771;-1.462;0;0;0;200.87;1;0
1772;0.375;0;0;0;186.77;0;0
1773;-0.572;0;0;0;225.94;0;0
1774;-0.801;0;0;0;247.06;0;0
1775;-0.294;0;0;0;273.09;1;0
1776;-1.583;0;0;0;252.35;0;0
1777;-1.13;0;0;0;266.54;0;0
1778;-0.006;0;1;0;256.92;0;0
1779;0.108;0;1;0;241.11;0;0
1780;-0.982;0;0;0;234.51;0;0
1781;0.346;0;0;0;223.19;0;0
1782;-1.36;0;0;0;217.46;0;0
1783;0.038;0;0;0;244.46;0;0
1784;-1.779;0;0;0;194.25;1;0
1785;-2.208;0;0;0;199.56;1;1
